TIME[UTC],X[km],Y[km],Z[km]
1 Jan 2020 20:43:00.000000000,2100.08498725084,-3849.62626544514,-5428.11354463846
1 Jan 2020 20:43:01.000000000,2101.07145614563,-3855.61417989632,-5423.47988128668
1 Jan 2020 20:43:02.000000000,2102.05459856204,-3861.59773561925,-5418.83985588183
1 Jan 2020 20:43:03.000000000,2103.03441398826,-3867.57692514166,-5414.19347386679
1 Jan 2020 20:43:04.000000000,2104.01090191751,-3873.55174099597,-5409.54074069216
1 Jan 2020 20:43:05.000000000,2104.98406184784,-3879.52217571995,-5404.88166181579
1 Jan 2020 20:43:06.000000000,2105.95389328228,-3885.48822185639,-5400.21624270301
1 Jan 2020 20:43:07.000000000,2106.92039572905,-3891.4498719528,-5395.54448882672
1 Jan 2020 20:43:08.000000000,2107.88356870096,-3897.40711856226,-5390.86640566705
1 Jan 2020 20:43:09.000000000,2108.84341171636,-3903.35995424232,-5386.18199871178
1 Jan 2020 20:43:10.000000000,2109.79992429801,-3909.3083715562,-5381.49127345586
1 Jan 2020 20:43:11.000000000,2110.75310597402,-3915.25236307172,-5376.79423540191
1 Jan 2020 20:43:12.000000000,2111.70295627717,-3921.19192136219,-5372.09089005976
1 Jan 2020 20:43:13.000000000,2112.64947474549,-3927.12703900588,-5367.38124294664
1 Jan 2020 20:43:14.000000000,2113.59266092182,-3933.05770858601,-5362.66529958737
1 Jan 2020 20:43:15.000000000,2114.53251435416,-3938.9839226912,-5357.94306551388
1 Jan 2020 20:43:16.000000000,2115.4690345952,-3944.90567391496,-5353.21454626576
1 Jan 2020 20:43:17.000000000,2116.4022212027,-3950.82295485628,-5348.47974738971
1 Jan 2020 20:43:18.000000000,2117.33207373958,-3956.73575811886,-5343.73867444003
1 Jan 2020 20:43:19.000000000,2118.25859177343,-3962.64407631196,-5338.99133297823
1 Jan 2020 20:43:20.000000000,2119.18177487717,-3968.54790204985,-5334.23772857314
1 Jan 2020 20:43:21.000000000,2120.10162262825,-3974.44722795193,-5329.47786680114
1 Jan 2020 20:43:22.000000000,2121.01813460949,-3980.34204664296,-5324.71175324569
1 Jan 2020 20:43:23.000000000,2121.93131040846,-3986.23235075265,-5319.93939349784
1 Jan 2020 20:43:24.000000000,2122.84114961789,-3992.11813291609,-5315.16079315579
1 Jan 2020 20:43:25.000000000,2123.74765183526,-3997.99938577371,-5310.37595782503
1 Jan 2020 20:43:26.000000000,2124.65081666301,-4003.87610197092,-5305.58489311859
1 Jan 2020 20:43:27.000000000,2125.55064370885,-4009.74827415854,-5300.78760465654
1 Jan 2020 20:43:28.000000000,2126.44713258504,-4015.61589499253,-5295.98409806649
1 Jan 2020 20:43:29.000000000,2127.34028290926,-4021.47895713422,-5291.1743789831
1 Jan 2020 20:43:30.000000000,2128.23009430371,-4027.33745325008,-5286.35845304858
1 Jan 2020 20:43:31.000000000,2129.11656639587,-4033.19137601196,-5281.53632591222
1 Jan 2020 20:43:32.000000000,2129.99969881812,-4039.04071809703,-5276.7080032306
1 Jan 2020 20:43:33.000000000,2130.87949120785,-4044.88547218751,-5271.87349066773
1 Jan 2020 20:43:34.000000000,2131.75594320726,-4050.72563097129,-5267.03279389465
1 Jan 2020 20:43:35.000000000,2132.62905446352,-4056.56118714128,-5262.18591858991
1 Jan 2020 20:43:36.000000000,2133.49882462903,-4062.39213339588,-5257.33287043904
1 Jan 2020 20:43:37.000000000,2134.36525336079,-4068.21846243871,-5252.47365513506
1 Jan 2020 20:43:38.000000000,2135.22834032113,-4074.04016697877,-5247.60827837806
1 Jan 2020 20:43:39.000000000,2136.08808517702,-4079.85723973059,-5242.73674587534
1 Jan 2020 20:43:40.000000000,2136.94448760059,-4085.66967341371,-5237.85906334162
1 Jan 2020 20:43:41.000000000,2137.79754726892,-4091.47746075337,-5232.97523649855
1 Jan 2020 20:43:42.000000000,2138.64726386409,-4097.28059447985,-5228.08527107529
1 Jan 2020 20:43:43.000000000,2139.49363707299,-4103.07906732913,-5223.18917280799
1 Jan 2020 20:43:44.000000000,2140.33666658749,-4108.87287204261,-5218.28694743997
1 Jan 2020 20:43:45.000000000,2141.17635210465,-4114.66200136671,-5213.37860072196
1 Jan 2020 20:43:46.000000000,2142.01269332616,-4120.44644805376,-5208.4641384116
1 Jan 2020 20:43:47.000000000,2142.84568995902,-4126.22620486101,-5203.54356627397
1 Jan 2020 20:43:48.000000000,2143.67534171476,-4132.00126455172,-5198.61689008106
1 Jan 2020 20:43:49.000000000,2144.50164831047,-4137.77161989392,-5193.68411561226
1 Jan 2020 20:43:50.000000000,2145.32460946759,-4143.53726366167,-5188.74524865394
1 Jan 2020 20:43:51.000000000,2146.144224913,-4149.29818863425,-5183.80029499961
1 Jan 2020 20:43:52.000000000,2146.96049437802,-4155.05438759644,-5178.84926045011
1 Jan 2020 20:43:53.000000000,2147.77341759962,-4160.80585333843,-5173.89215081316
1 Jan 2020 20:43:54.000000000,2148.58299431916,-4166.55257865592,-5168.92897190387
1 Jan 2020 20:43:55.000000000,2149.38922428305,-4172.29455635034,-5163.95972954419
1 Jan 2020 20:43:56.000000000,2150.19210724294,-4178.0317792282,-5158.98442956347
1 Jan 2020 20:43:57.000000000,2150.99164295505,-4183.76424010193,-5154.00307779795
1 Jan 2020 20:43:58.000000000,2151.78783118097,-4189.4919317893,-5149.01568009098
1 Jan 2020 20:43:59.000000000,2152.58067168682,-4195.21484711357,-5144.02224229319
1 Jan 2020 20:44:00.000000000,2153.37016424409,-4200.93297890367,-5139.02277026205
1 Jan 2020 20:44:01.000000000,2154.15630862872,-4206.64631999402,-5134.01726986234
1 Jan 2020 20:44:02.000000000,2154.9391046223,-4212.35486322448,-5129.00574696575
1 Jan 2020 20:44:03.000000000,2155.7185520108,-4218.05860144076,-5123.98820745101
1 Jan 2020 20:44:04.000000000,2156.49465058521,-4223.75752749392,-5118.96465720411
1 Jan 2020 20:44:05.000000000,2157.26740014179,-4229.45163424071,-5113.93510211784
1 Jan 2020 20:44:06.000000000,2158.03680048134,-4235.14091454342,-5108.89954809228
1 Jan 2020 20:44:07.000000000,2158.80285141004,-4240.82536127002,-5103.8580010343
1 Jan 2020 20:44:08.000000000,2159.56555273857,-4246.504967294,-5098.81046685805
1 Jan 2020 20:44:09.000000000,2160.32490428302,-4252.17972549452,-5093.75695148452
1 Jan 2020 20:44:10.000000000,2161.08090586391,-4257.84962875659,-5088.69746084169
1 Jan 2020 20:44:11.000000000,2161.83355730736,-4263.51466997033,-5083.63200086479
1 Jan 2020 20:44:12.000000000,2162.58285844391,-4269.17484203208,-5078.56057749574
1 Jan 2020 20:44:13.000000000,2163.32880910911,-4274.8301378435,-5073.48319668375
1 Jan 2020 20:44:14.000000000,2164.07140914377,-4280.48055031208,-5068.39986438476
1 Jan 2020 20:44:15.000000000,2164.81065839322,-4286.12607235088,-5063.31058656192
1 Jan 2020 20:44:16.000000000,2165.54655670817,-4291.76669687868,-5058.2153691852
1 Jan 2020 20:44:17.000000000,2166.27910394388,-4297.40241682015,-5053.1142182315
1 Jan 2020 20:44:18.000000000,2167.00829996091,-4303.03322510525,-5048.0071396849
1 Jan 2020 20:44:19.000000000,2167.73414462432,-4308.65911467019,-5042.89413953618
1 Jan 2020 20:44:20.000000000,2168.45663780474,-4314.28007845628,-5037.77522378329
1 Jan 2020 20:44:21.000000000,2169.17577937722,-4319.89610941107,-5032.65039843095
1 Jan 2020 20:44:22.000000000,2169.89156922183,-4325.5072004878,-5027.51966949083
1 Jan 2020 20:44:23.000000000,2170.60400722383,-4331.1133446451,-5022.38304298168
1 Jan 2020 20:44:24.000000000,2171.31309327311,-4336.71453484785,-5017.24052492893
1 Jan 2020 20:44:25.000000000,2172.0188272648,-4342.31076406621,-5012.09212136518
1 Jan 2020 20:44:26.000000000,2172.72120909866,-4347.9020252766,-5006.93783832968
1 Jan 2020 20:44:27.000000000,2173.42023867962,-4353.48831146079,-5001.77768186882
1 Jan 2020 20:44:28.000000000,2174.11591591749,-4359.06961560662,-4996.6116580357
1 Jan 2020 20:44:29.000000000,2174.80824072711,-4364.64593070769,-4991.4397728903
1 Jan 2020 20:44:30.000000000,2175.49721302784,-4370.21724976338,-4986.26203249966
1 Jan 2020 20:44:31.000000000,2176.18283274469,-4375.78356577884,-4981.07844293744
1 Jan 2020 20:44:32.000000000,2176.86509980697,-4381.34487176506,-4975.88901028443
1 Jan 2020 20:44:33.000000000,2177.5440141491,-4386.90116073911,-4970.69374062798
1 Jan 2020 20:44:34.000000000,2178.21957571065,-4392.45242572349,-4965.49264006259
1 Jan 2020 20:44:35.000000000,2178.89178443576,-4397.99865974694,-4960.28571468937
1 Jan 2020 20:44:36.000000000,2179.56064027393,-4403.53985584388,-4955.07297061628
1 Jan 2020 20:44:37.000000000,2180.22614317913,-4409.07600705461,-4949.8544139583
1 Jan 2020 20:44:38.000000000,2180.88829311072,-4414.60710642538,-4944.63005083697
1 Jan 2020 20:44:39.000000000,2181.54709003242,-4420.1331470083,-4939.3998873809
1 Jan 2020 20:44:40.000000000,2182.20253391364,-4425.65412186126,-4934.1639297253
1 Jan 2020 20:44:41.000000000,2182.85462472811,-4431.17002404834,-4928.92218401218
1 Jan 2020 20:44:42.000000000,2183.50336245455,-4436.6808466393,-4923.67465639055
1 Jan 2020 20:44:43.000000000,2184.14874707694,-4442.18658270994,-4918.42135301592
1 Jan 2020 20:44:44.000000000,2184.79077858375,-4447.68722534192,-4913.16228005086
1 Jan 2020 20:44:45.000000000,2185.42945696884,-4453.18276762296,-4907.89744366442
1 Jan 2020 20:44:46.000000000,2186.06478223051,-4458.67320264661,-4902.62685003269
1 Jan 2020 20:44:47.000000000,2186.69675437243,-4464.15852351241,-4897.35050533832
1 Jan 2020 20:44:48.000000000,2187.32537340271,-4469.63872332613,-4892.06841577069
1 Jan 2020 20:44:49.000000000,2187.95063933503,-4475.11379519897,-4886.78058752613
1 Jan 2020 20:44:50.000000000,2188.57255218743,-4480.58373224867,-4881.48702680743
1 Jan 2020 20:44:51.000000000,2189.19111198293,-4486.04852759867,-4876.18773982439
1 Jan 2020 20:44:52.000000000,2189.80631874982,-4491.50817437852,-4870.88273279322
1 Jan 2020 20:44:53.000000000,2190.41817252086,-4496.96266572374,-4865.57201193715
1 Jan 2020 20:44:54.000000000,2191.02667333414,-4502.41199477586,-4860.25558348589
1 Jan 2020 20:44:55.000000000,2191.6318212323,-4507.85615468264,-4854.93345367584
1 Jan 2020 20:44:56.000000000,2192.23361626322,-4513.2951385975,-4849.6056287503
1 Jan 2020 20:44:57.000000000,2192.83205847928,-4518.72893968041,-4844.27211495899
1 Jan 2020 20:44:58.000000000,2193.42714793839,-4524.1575510968,-4838.93291855855
1 Jan 2020 20:44:59.000000000,2194.01888470284,-4529.58096601867,-4833.5880458121
1 Jan 2020 20:45:00.000000000,2194.6072688399,-4534.99917762401,-4828.23750298942
1 Jan 2020 20:45:01.000000000,2195.19230042203,-4540.4121790966,-4822.88129636714
1 Jan 2020 20:45:02.000000000,2195.77397952625,-4545.81996362676,-4817.51943222825
1 Jan 2020 20:45:03.000000000,2196.35230623483,-4551.22252441042,-4812.15191686267
1 Jan 2020 20:45:04.000000000,2196.92728063459,-4556.61985465013,-4806.77875656667
1 Jan 2020 20:45:05.000000000,2197.49890281762,-4562.01194755408,-4801.39995764341
1 Jan 2020 20:45:06.000000000,2198.06717288045,-4567.39879633702,-4796.01552640245
1 Jan 2020 20:45:07.000000000,2198.63209092521,-4572.78039421952,-4790.62546915998
1 Jan 2020 20:45:08.000000000,2199.19365705829,-4578.15673442838,-4785.22979223899
1 Jan 2020 20:45:09.000000000,2199.75187139103,-4583.52781019681,-4779.82850196876
1 Jan 2020 20:45:10.000000000,2200.30673404025,-4588.89361476365,-4774.42160468547
1 Jan 2020 20:45:11.000000000,2200.85824512697,-4594.25414137451,-4769.00910673158
1 Jan 2020 20:45:12.000000000,2201.40640477761,-4599.60938328065,-4763.59101445639
1 Jan 2020 20:45:13.000000000,2201.95121312307,-4604.95933373995,-4758.16733421557
1 Jan 2020 20:45:14.000000000,2202.49267029961,-4610.30398601626,-4752.73807237133
1 Jan 2020 20:45:15.000000000,2203.03077644788,-4615.64333337967,-4747.30323529267
1 Jan 2020 20:45:16.000000000,2203.56553171393,-4620.97736910651,-4741.86282935479
1 Jan 2020 20:45:17.000000000,2204.09693624833,-4626.30608647926,-4736.41686093977
1 Jan 2020 20:45:18.000000000,2204.62499020647,-4631.62947878686,-4730.96533643596
1 Jan 2020 20:45:19.000000000,2205.14969374925,-4636.94753932419,-4725.50826223824
1 Jan 2020 20:45:20.000000000,2205.67104704171,-4642.26026139253,-4720.04564474821
1 Jan 2020 20:45:21.000000000,2206.18905025434,-4647.56763829946,-4714.5774903737
1 Jan 2020 20:45:22.000000000,2206.70370356205,-4652.86966335872,-4709.1038055293
1 Jan 2020 20:45:23.000000000,2207.2150071451,-4658.16632989042,-4703.62459663583
1 Jan 2020 20:45:24.000000000,2207.72296118818,-4663.45763122088,-4698.13987012085
1 Jan 2020 20:45:25.000000000,2208.22756588132,-4668.74356068271,-4692.64963241818
1 Jan 2020 20:45:26.000000000,2208.72882141909,-4674.02411161498,-4687.15388996813
1 Jan 2020 20:45:27.000000000,2209.22672800084,-4679.2992773629,-4681.65264921764
1 Jan 2020 20:45:28.000000000,2209.72128583146,-4684.569051278,-4676.14591661986
1 Jan 2020 20:45:29.000000000,2210.21249511993,-4689.83342671817,-4670.63369863465
1 Jan 2020 20:45:30.000000000,2210.7003560807,-4695.0923970477,-4665.11600172799
1 Jan 2020 20:45:31.000000000,2211.1848689326,-4700.34595563711,-4659.59283237261
1 Jan 2020 20:45:32.000000000,2211.66603389983,-4705.59409586333,-4654.06419704745
1 Jan 2020 20:45:33.000000000,2212.14385121102,-4710.83681110979,-4648.53010223782
1 Jan 2020 20:45:34.000000000,2212.61832110005,-4716.07409476594,-4642.99055443568
1 Jan 2020 20:45:35.000000000,2213.08944380534,-4721.30594022802,-4637.44556013911
1 Jan 2020 20:45:36.000000000,2213.5572195704,-4726.53234089829,-4631.89512585283
1 Jan 2020 20:45:37.000000000,2214.02164864367,-4731.75329018559,-4626.33925808775
1 Jan 2020 20:45:38.000000000,2214.48273127815,-4736.96878150528,-4620.77796336117
1 Jan 2020 20:45:39.000000000,2214.94046773208,-4742.17880827878,-4615.21124819692
1 Jan 2020 20:45:40.000000000,2215.3948582682,-4747.38336393435,-4609.63911912496
1 Jan 2020 20:45:41.000000000,2215.84590315449,-4752.58244190625,-4604.06158268184
1 Jan 2020 20:45:42.000000000,2216.2936026634,-4757.77603563562,-4598.4786454102
1 Jan 2020 20:45:43.000000000,2216.73795707265,-4762.96413856958,-4592.89031385929
1 Jan 2020 20:45:44.000000000,2217.17896666441,-4768.1467441621,-4587.29659458446
1 Jan 2020 20:45:45.000000000,2217.61663172604,-4773.32384587348,-4581.6974941474
1 Jan 2020 20:45:46.000000000,2218.05095254971,-4778.49543717027,-4576.09301911632
1 Jan 2020 20:45:47.000000000,2218.48192943208,-4783.66151152596,-4570.48317606545
1 Jan 2020 20:45:48.000000000,2218.90956267537,-4788.82206241994,-4564.8679715756
1 Jan 2020 20:45:49.000000000,2219.33385258595,-4793.97708333868,-4559.24741223357
1 Jan 2020 20:45:50.000000000,2219.75479947552,-4799.12656777464,-4553.62150463276
1 Jan 2020 20:45:51.000000000,2220.17240366025,-4804.2705092272,-4547.99025537261
1 Jan 2020 20:45:52.000000000,2220.58666546159,-4809.40890120207,-4542.35367105881
1 Jan 2020 20:45:53.000000000,2220.99758520537,-4814.54173721145,-4536.71175830356
1 Jan 2020 20:45:54.000000000,2221.40516322275,-4819.66901077419,-4531.06452372499
1 Jan 2020 20:45:55.000000000,2221.80939984937,-4824.79071541553,-4525.41197394778
1 Jan 2020 20:45:56.000000000,2222.21029542564,-4829.90684466754,-4519.75411560263
1 Jan 2020 20:45:57.000000000,2222.60785029746,-4835.01739206852,-4514.09095532644
1 Jan 2020 20:45:58.000000000,2223.00206481477,-4840.12235116352,-4508.42249976259
1 Jan 2020 20:45:59.000000000,2223.39293933296,-4845.22171550416,-4502.74875556034
1 Jan 2020 20:46:00.000000000,2223.78047421178,-4850.31547864859,-4497.06972937547
1 Jan 2020 20:46:01.000000000,2224.16466981628,-4855.40363416163,-4491.38542786967
1 Jan 2020 20:46:02.000000000,2224.54552651588,-4860.48617561461,-4485.69585771108
1 Jan 2020 20:46:03.000000000,2224.92304468531,-4865.56309658549,-4480.00102557383
1 Jan 2020 20:46:04.000000000,2225.29722470379,-4870.634390659,-4474.3009381382
1 Jan 2020 20:46:05.000000000,2225.66806695525,-4875.70005142632,-4468.59560209088
1 Jan 2020 20:46:06.000000000,2226.03557182914,-4880.76007248526,-4462.8850241244
1 Jan 2020 20:46:07.000000000,2226.39973971893,-4885.81444744036,-4457.16921093775
1 Jan 2020 20:46:08.000000000,2226.76057102352,-4890.86316990279,-4451.44816923576
1 Jan 2020 20:46:09.000000000,2227.11806614615,-4895.90623349035,-4445.72190572968
1 Jan 2020 20:46:10.000000000,2227.47222549536,-4900.94363182749,-4439.99042713667
1 Jan 2020 20:46:11.000000000,2227.82304948406,-4905.97535854553,-4434.25374018002
1 Jan 2020 20:46:12.000000000,2228.17053853041,-4911.0014072821,-4428.51185158934
1 Jan 2020 20:46:13.000000000,2228.51469305699,-4916.02177168196,-4422.76476810004
1 Jan 2020 20:46:14.000000000,2228.85551349149,-4921.03644539617,-4417.01249645393
1 Jan 2020 20:46:15.000000000,2229.19300026645,-4926.04542208274,-4411.25504339861
1 Jan 2020 20:46:16.000000000,2229.52715381886,-4931.04869540633,-4405.49241568804
1 Jan 2020 20:46:17.000000000,2229.857974591,-4936.04625903827,-4399.72462008205
1 Jan 2020 20:46:18.000000000,2230.18546302953,-4941.03810665684,-4393.95166334652
1 Jan 2020 20:46:19.000000000,2230.50961958632,-4946.02423194669,-4388.1735522536
1 Jan 2020 20:46:20.000000000,2230.83044471765,-4951.00462859963,-4382.3902935812
1 Jan 2020 20:46:21.000000000,2231.14793888503,-4955.97929031381,-4376.60189411358
1 Jan 2020 20:46:22.000000000,2231.46210255435,-4960.94821079452,-4370.80836064077
1 Jan 2020 20:46:23.000000000,2231.77293619664,-4965.91138375368,-4365.00969995884
1 Jan 2020 20:46:24.000000000,2232.08044028772,-4970.86880290977,-4359.20591887012
1 Jan 2020 20:46:25.000000000,2232.38461530788,-4975.82046198851,-4353.39702418261
1 Jan 2020 20:46:26.000000000,2232.68546174267,-4980.76635472193,-4347.58302271064
1 Jan 2020 20:46:27.000000000,2232.9829800819,-4985.70647484938,-4341.76392127422
1 Jan 2020 20:46:28.000000000,2233.2771708209,-4990.64081611641,-4335.93972669962
1 Jan 2020 20:46:29.000000000,2233.56803445908,-4995.56937227595,-4330.1104458189
1 Jan 2020 20:46:30.000000000,2233.85557150118,-5000.49213708749,-4324.27608547006
1 Jan 2020 20:46:31.000000000,2234.13978245627,-5005.40910431737,-4318.43665249728
1 Jan 2020 20:46:32.000000000,2234.4206678387,-5010.32026773883,-4312.59215375041
1 Jan 2020 20:46:33.000000000,2234.69822816722,-5015.22562113187,-4306.74259608554
1 Jan 2020 20:46:34.000000000,2234.97246396543,-5020.12515828359,-4300.88798636436
1 Jan 2020 20:46:35.000000000,2235.2433757619,-5025.01887298761,-4295.02833145484
1 Jan 2020 20:46:36.000000000,2235.51096408988,-5029.90675904467,-4289.16363823061
1 Jan 2020 20:46:37.000000000,2235.77522948754,-5034.78881026233,-4283.29391357121
1 Jan 2020 20:46:38.000000000,2236.03617249746,-5039.66502045501,-4277.41916436232
1 Jan 2020 20:46:39.000000000,2236.29379366748,-5044.53538344411,-4271.53939749519
1 Jan 2020 20:46:40.000000000,2236.54809354977,-5049.39989305784,-4265.65461986731
1 Jan 2020 20:46:41.000000000,2236.7990727017,-5054.25854313135,-4259.76483838175
1 Jan 2020 20:46:42.000000000,2237.04673168511,-5059.11132750684,-4253.87005994751
1 Jan 2020 20:46:43.000000000,2237.29107106659,-5063.95824003328,-4247.97029147965
1 Jan 2020 20:46:44.000000000,2237.53209141776,-5068.7992745667,-4242.06553989877
1 Jan 2020 20:46:45.000000000,2237.76979331486,-5073.6344249699,-4236.15581213166
1 Jan 2020 20:46:46.000000000,2238.00417733904,-5078.46368511283,-4230.2411151106
1 Jan 2020 20:46:47.000000000,2238.23524407585,-5083.2870488723,-4224.32145577402
1 Jan 2020 20:46:48.000000000,2238.46299411611,-5088.10451013208,-4218.39684106596
1 Jan 2020 20:46:49.000000000,2238.6874280549,-5092.91606278312,-4212.46727793624
1 Jan 2020 20:46:50.000000000,2238.90854649255,-5097.72170072297,-4206.53277334073
1 Jan 2020 20:46:51.000000000,2239.12635003367,-5102.52141785662,-4200.59333424081
1 Jan 2020 20:46:52.000000000,2239.3408392881,-5107.31520809562,-4194.64896760392
1 Jan 2020 20:46:53.000000000,2239.55201486999,-5112.10306535897,-4188.69968040299
1 Jan 2020 20:46:54.000000000,2239.75987739856,-5116.8849835723,-4182.74547961704
1 Jan 2020 20:46:55.000000000,2239.96442749782,-5121.66095666845,-4176.7863722306
1 Jan 2020 20:46:56.000000000,2240.16566579616,-5126.43097858744,-4170.82236523398
1 Jan 2020 20:46:57.000000000,2240.36359292719,-5131.19504327595,-4164.85346562345
1 Jan 2020 20:46:58.000000000,2240.55820952883,-5135.95314468814,-4158.87968040071
1 Jan 2020 20:46:59.000000000,2240.74951624415,-5140.7052767848,-4152.90101657352
1 Jan 2020 20:47:00.000000000,2240.93751372057,-5145.45143353418,-4146.91748115511
1 Jan 2020 20:47:01.000000000,2241.12220261057,-5150.19160891141,-4140.92908116444
1 Jan 2020 20:47:02.000000000,2241.30358357136,-5154.92579689855,-4134.9358236264
1 Jan 2020 20:47:03.000000000,2241.48165726457,-5159.65399148514,-4128.93771557126
1 Jan 2020 20:47:04.000000000,2241.656424357,-5164.37618666736,-4122.93476403532
1 Jan 2020 20:47:05.000000000,2241.82788551976,-5169.09237644895,-4116.92697606021
1 Jan 2020 20:47:06.000000000,2241.996041429,-5173.80255484035,-4110.91435869358
1 Jan 2020 20:47:07.000000000,2242.16089276552,-5178.50671585937,-4104.89691898849
1 Jan 2020 20:47:08.000000000,2242.32244021496,-5183.20485353089,-4098.87466400367
1 Jan 2020 20:47:09.000000000,2242.48068446732,-5187.89696188688,-4092.84760080372
1 Jan 2020 20:47:10.000000000,2242.63562621784,-5192.5830349665,-4086.81573645858
1 Jan 2020 20:47:11.000000000,2242.78726616607,-5197.26306681599,-4080.77907804413
1 Jan 2020 20:47:12.000000000,2242.93560501634,-5201.93705148895,-4074.73763264156
1 Jan 2020 20:47:13.000000000,2243.0806434779,-5206.60498304584,-4068.69140733798
1 Jan 2020 20:47:14.000000000,2243.22238226462,-5211.26685555449,-4062.64040922589
1 Jan 2020 20:47:15.000000000,2243.36082209521,-5215.92266308989,-4056.58464540338
1 Jan 2020 20:47:16.000000000,2243.49596369272,-5220.57239973416,-4050.52412297436
1 Jan 2020 20:47:17.000000000,2243.62780778541,-5225.21605957668,-4044.45884904802
1 Jan 2020 20:47:18.000000000,2243.75635510577,-5229.85363671398,-4038.38883073943
1 Jan 2020 20:47:19.000000000,2243.88160639145,-5234.48512524977,-4032.31407516898
1 Jan 2020 20:47:20.000000000,2244.00356238451,-5239.11051929515,-4026.23458946264
1 Jan 2020 20:47:21.000000000,2244.12222383166,-5243.72981296825,-4020.15038075216
1 Jan 2020 20:47:22.000000000,2244.23759148458,-5248.34300039458,-4014.06145617449
1 Jan 2020 20:47:23.000000000,2244.34966609953,-5252.95007570669,-4007.96782287245
1 Jan 2020 20:47:24.000000000,2244.45844843758,-5257.55103304458,-4001.86948799408
1 Jan 2020 20:47:25.000000000,2244.56393926415,-5262.14586655541,-3995.76645869321
1 Jan 2020 20:47:26.000000000,2244.66613934983,-5266.73457039359,-3989.65874212899
1 Jan 2020 20:47:27.000000000,2244.76504946944,-5271.31713872099,-3983.54634546603
1 Jan 2020 20:47:28.000000000,2244.86067040295,-5275.89356570638,-3977.42927587467
1 Jan 2020 20:47:29.000000000,2244.95300293456,-5280.46384552626,-3971.30754053044
1 Jan 2020 20:47:30.000000000,2245.04204785362,-5285.02797236399,-3965.18114661465
1 Jan 2020 20:47:31.000000000,2245.12780595371,-5289.58594041065,-3959.05010131374
1 Jan 2020 20:47:32.000000000,2245.21027803343,-5294.13774386426,-3952.91441181994
1 Jan 2020 20:47:33.000000000,2245.28946489608,-5298.68337693032,-3946.77408533069
1 Jan 2020 20:47:34.000000000,2245.36536734929,-5303.2228338218,-3940.62912904886
1 Jan 2020 20:47:35.000000000,2245.4379862058,-5307.75610875865,-3934.47955018299
1 Jan 2020 20:47:36.000000000,2245.50732228262,-5312.28319596855,-3928.32535594675
1 Jan 2020 20:47:37.000000000,2245.57337640185,-5316.80408968613,-3922.16655355951
1 Jan 2020 20:47:38.000000000,2245.63614938982,-5321.31878415373,-3916.00315024582
1 Jan 2020 20:47:39.000000000,2245.695642078,-5325.82727362085,-3909.83515323563
1 Jan 2020 20:47:40.000000000,2245.75185530204,-5330.32955234439,-3903.66256976451
1 Jan 2020 20:47:41.000000000,2245.80478990264,-5334.82561458869,-3897.48540707309
1 Jan 2020 20:47:42.000000000,2245.85444672513,-5339.31545462526,-3891.3036724077
1 Jan 2020 20:47:43.000000000,2245.90082661918,-5343.79906673338,-3885.11737301972
1 Jan 2020 20:47:44.000000000,2245.94393043957,-5348.27644519928,-3878.92651616618
1 Jan 2020 20:47:45.000000000,2245.98375904528,-5352.74758431699,-3872.73110910923
1 Jan 2020 20:47:46.000000000,2246.02031330029,-5357.21247838776,-3866.53115911637
1 Jan 2020 20:47:47.000000000,2246.05359407312,-5361.6711217202,-3860.32667346065
1 Jan 2020 20:47:48.000000000,2246.08360223707,-5366.12350863047,-3854.11765942013
1 Jan 2020 20:47:49.000000000,2246.11033866984,-5370.56963344205,-3847.90412427849
1 Jan 2020 20:47:50.000000000,2246.13380425379,-5375.00949048611,-3841.68607532442
1 Jan 2020 20:47:51.000000000,2246.15399987625,-5379.44307410087,-3835.4635198522
1 Jan 2020 20:47:52.000000000,2246.17092642865,-5383.87037863242,-3829.23646516116
1 Jan 2020 20:47:53.000000000,2246.18458480786,-5388.29139843399,-3823.00491855592
1 Jan 2020 20:47:54.000000000,2246.19497591456,-5392.70612786643,-3816.7688873466
1 Jan 2020 20:47:55.000000000,2246.20210065467,-5397.11456129806,-3810.52837884825
1 Jan 2020 20:47:56.000000000,2246.20595993826,-5401.51669310466,-3804.28340038153
1 Jan 2020 20:47:57.000000000,2246.20655468052,-5405.91251766946,-3798.03395927206
1 Jan 2020 20:47:58.000000000,2246.20388580092,-5410.30202938335,-3791.78006285071
1 Jan 2020 20:47:59.000000000,2246.19795422352,-5414.68522264455,-3785.52171845383
1 Jan 2020 20:48:00.000000000,2246.18876087729,-5419.06209185893,-3779.25893342266
1 Jan 2020 20:48:01.000000000,2246.17630669568,-5423.43263143969,-3772.99171510396
1 Jan 2020 20:48:02.000000000,2246.16059261689,-5427.79683580773,-3766.72007084937
1 Jan 2020 20:48:03.000000000,2246.14161958337,-5432.15469939144,-3760.44400801605
1 Jan 2020 20:48:04.000000000,2246.11938854269,-5436.50621662668,-3754.16353396612
1 Jan 2020 20:48:05.000000000,2246.09390044654,-5440.85138195709,-3747.87865606684
1 Jan 2020 20:48:06.000000000,2246.0651562517,-5445.19018983349,-3741.58938169089
1 Jan 2020 20:48:07.000000000,2246.03315691908,-5449.52263471469,-3735.2957182158
1 Jan 2020 20:48:08.000000000,2245.99790341469,-5453.84871106663,-3728.99767302455
1 Jan 2020 20:48:09.000000000,2245.95939670866,-5458.16841336328,-3722.69525350496
1 Jan 2020 20:48:10.000000000,2245.91763777609,-5462.48173608579,-3716.38846705028
1 Jan 2020 20:48:11.000000000,2245.87262759667,-5466.7886737231,-3710.07732105865
1 Jan 2020 20:48:12.000000000,2245.82436715434,-5471.08922077188,-3703.76182293334
1 Jan 2020 20:48:13.000000000,2245.77285743811,-5475.38337173604,-3697.44198008294
1 Jan 2020 20:48:14.000000000,2245.71809944112,-5479.67112112754,-3691.11779992083
1 Jan 2020 20:48:15.000000000,2245.66009416156,-5483.95246346552,-3684.7892898658
1 Jan 2020 20:48:16.000000000,2245.59884260176,-5488.22739327712,-3678.45645734147
1 Jan 2020 20:48:17.000000000,2245.53434576909,-5492.49590509694,-3672.11930977653
1 Jan 2020 20:48:18.000000000,2245.46660467504,-5496.7579934672,-3665.777854605
1 Jan 2020 20:48:19.000000000,2245.39562033604,-5501.0136529379,-3659.4320992656
1 Jan 2020 20:48:20.000000000,2245.32139377311,-5505.26287806645,-3653.08205120242
1 Jan 2020 20:48:21.000000000,2245.24392601148,-5509.50566341827,-3646.72771786427
1 Jan 2020 20:48:22.000000000,2245.16321808143,-5513.74200356607,-3640.36910670531
1 Jan 2020 20:48:23.000000000,2245.07927101736,-5517.97189309057,-3634.00622518448
1 Jan 2020 20:48:24.000000000,2244.9920858587,-5522.19532657999,-3627.63908076572
1 Jan 2020 20:48:25.000000000,2244.90166364898,-5526.41229863029,-3621.26768091822
1 Jan 2020 20:48:26.000000000,2244.80800543665,-5530.62280384516,-3614.89203311584
1 Jan 2020 20:48:27.000000000,2244.71111227473,-5534.8268368358,-3608.51214483773
1 Jan 2020 20:48:28.000000000,2244.61098522044,-5539.0243922215,-3602.12802356772
1 Jan 2020 20:48:29.000000000,2244.50762533605,-5543.21546462882,-3595.7396767949
1 Jan 2020 20:48:30.000000000,2244.40103368777,-5547.40004869249,-3589.34711201309
1 Jan 2020 20:48:31.000000000,2244.29121134724,-5551.57813905461,-3582.95033672105
1 Jan 2020 20:48:32.000000000,2244.17815938976,-5555.74973036519,-3576.54935842273
1 Jan 2020 20:48:33.000000000,2244.06187889583,-5559.91481728198,-3570.14418462668
1 Jan 2020 20:48:34.000000000,2243.94237095,-5564.07339447045,-3563.73482284671
1 Jan 2020 20:48:35.000000000,2243.81963664184,-5568.2254566038,-3557.32128060128
1 Jan 2020 20:48:36.000000000,2243.69367706512,-5572.37099836315,-3550.90356541376
1 Jan 2020 20:48:37.000000000,2243.56449331813,-5576.51001443722,-3544.48168481267
1 Jan 2020 20:48:38.000000000,2243.43208650408,-5580.64249952259,-3538.05564633106
1 Jan 2020 20:48:39.000000000,2243.29645773008,-5584.76844832365,-3531.62545750723
1 Jan 2020 20:48:40.000000000,2243.15760810869,-5588.88785555246,-3525.19112588398
1 Jan 2020 20:48:41.000000000,2243.01553875608,-5593.00071592901,-3518.75265900933
1 Jan 2020 20:48:42.000000000,2242.87025079359,-5597.10702418102,-3512.31006443588
1 Jan 2020 20:48:43.000000000,2242.72174534659,-5601.2067750442,-3505.86334972107
1 Jan 2020 20:48:44.000000000,2242.57002354549,-5605.29996326174,-3499.41252242745
1 Jan 2020 20:48:45.000000000,2242.41508652469,-5609.38658358508,-3492.95759012203
1 Jan 2020 20:48:46.000000000,2242.25693542362,-5613.46663077307,-3486.49856037699
1 Jan 2020 20:48:47.000000000,2242.09557138587,-5617.54009959276,-3480.03544076898
1 Jan 2020 20:48:48.000000000,2241.93099555941,-5621.6069848189,-3473.56823887977
1 Jan 2020 20:48:49.000000000,2241.76320909745,-5625.66728123394,-3467.09696229568
1 Jan 2020 20:48:50.000000000,2241.59221315687,-5629.72098362856,-3460.6216186078
1 Jan 2020 20:48:51.000000000,2241.41800889966,-5633.76808680089,-3454.14221541225
1 Jan 2020 20:48:52.000000000,2241.24059749182,-5637.80858555734,-3447.65876030958
1 Jan 2020 20:48:53.000000000,2241.05998010435,-5641.84247471181,-3441.17126090541
1 Jan 2020 20:48:54.000000000,2240.87615791225,-5645.86974908643,-3434.67972480988
1 Jan 2020 20:48:55.000000000,2240.68913209553,-5649.89040351104,-3428.18415963783
1 Jan 2020 20:48:56.000000000,2240.49890383816,-5653.90443282342,-3421.68457300912
1 Jan 2020 20:48:57.000000000,2240.30547432902,-5657.91183186931,-3415.18097254796
1 Jan 2020 20:48:58.000000000,2240.10884476145,-5661.91259550217,-3408.67336588361
1 Jan 2020 20:48:59.000000000,2239.90901633292,-5665.90671858373,-3402.16176064971
1 Jan 2020 20:49:00.000000000,2239.70599024586,-5669.89419598326,-3395.64616448491
1 Jan 2020 20:49:01.000000000,2239.4997677067,-5673.8750225783,-3389.12658503229
1 Jan 2020 20:49:02.000000000,2239.29034992686,-5677.84919325414,-3382.60302993961
1 Jan 2020 20:49:03.000000000,2239.0777381217,-5681.81670290408,-3376.07550685954
1 Jan 2020 20:49:04.000000000,2238.8619335116,-5685.77754642935,-3369.54402344908
1 Jan 2020 20:49:05.000000000,2238.64293732088,-5689.73171873917,-3363.00858737019
1 Jan 2020 20:49:06.000000000,2238.4207507787,-5693.67921475077,-3356.46920628915
1 Jan 2020 20:49:07.000000000,2238.19537511871,-5697.62002938914,-3349.9258878772
1 Jan 2020 20:49:08.000000000,2237.9668115785,-5701.55415758762,-3343.37863980994
1 Jan 2020 20:49:09.000000000,2237.73506140103,-5705.48159428719,-3336.82746976758
1 Jan 2020 20:49:10.000000000,2237.5001258328,-5709.40233443702,-3330.2723854352
1 Jan 2020 20:49:11.000000000,2237.26200612542,-5713.31637299422,-3323.71339450211
1 Jan 2020 20:49:12.000000000,2237.02070353443,-5717.22370492394,-3317.15050466255
1 Jan 2020 20:49:13.000000000,2236.77621932036,-5721.12432519926,-3310.58372361509
1 Jan 2020 20:49:14.000000000,2236.52855474778,-5725.01822880145,-3304.01305906285
1 Jan 2020 20:49:15.000000000,2236.2777110857,-5728.90541071965,-3297.43851871378
1 Jan 2020 20:49:16.000000000,2236.02368960797,-5732.78586595111,-3290.86011028
1 Jan 2020 20:49:17.000000000,2235.76649159224,-5736.65958950113,-3284.27784147855
1 Jan 2020 20:49:18.000000000,2235.5061183215,-5740.52657638293,-3277.69172003062
1 Jan 2020 20:49:19.000000000,2235.24257108225,-5744.38682161795,-3271.1017536623
1 Jan 2020 20:49:20.000000000,2234.97585116608,-5748.24032023555,-3264.50795010391
1 Jan 2020 20:49:21.000000000,2234.70595986852,-5752.0870672734,-3257.91031709026
1 Jan 2020 20:49:22.000000000,2234.43289849,-5755.92705777686,-3251.30886236093
1 Jan 2020 20:49:23.000000000,2234.15666833487,-5759.76028679978,-3244.70359365964
1 Jan 2020 20:49:24.000000000,2233.87727071244,-5763.58674940372,-3238.09451873492
1 Jan 2020 20:49:25.000000000,2233.59470693603,-5767.40644065864,-3231.48164533941
1 Jan 2020 20:49:26.000000000,2233.30897832324,-5771.21935564248,-3224.86498123058
1 Jan 2020 20:49:27.000000000,2233.02008619687,-5775.02548944113,-3218.24453417006
1 Jan 2020 20:49:28.000000000,2232.72803188324,-5778.82483714893,-3211.62031192393
1 Jan 2020 20:49:29.000000000,2232.4328167137,-5782.61739386795,-3204.99232226295
1 Jan 2020 20:49:30.000000000,2232.13444202349,-5786.40315470879,-3198.36057296197
1 Jan 2020 20:49:31.000000000,2231.83290915278,-5790.18211478976,-3191.72507180057
1 Jan 2020 20:49:32.000000000,2231.52821944561,-5793.95426923767,-3185.08582656251
1 Jan 2020 20:49:33.000000000,2231.22037425096,-5797.71961318728,-3178.4428450359
1 Jan 2020 20:49:34.000000000,2230.90937492164,-5801.47814178153,-3171.79613501352
1 Jan 2020 20:49:35.000000000,2230.5952228153,-5805.2298501716,-3165.14570429217
1 Jan 2020 20:49:36.000000000,2230.27791929391,-5808.97473351659,-3158.49156067335
1 Jan 2020 20:49:37.000000000,2229.9574657235,-5812.71278698415,-3151.83371196259
1 Jan 2020 20:49:38.000000000,2229.63386347495,-5816.4440057497,-3145.1721659701
1 Jan 2020 20:49:39.000000000,2229.30711392304,-5820.16838499718,-3138.50693051016
1 Jan 2020 20:49:40.000000000,2228.97721844742,-5823.88591991853,-3131.8380134014
1 Jan 2020 20:49:41.000000000,2228.64417843161,-5827.59660571392,-3125.16542246702
1 Jan 2020 20:49:42.000000000,2228.30799526401,-5831.30043759173,-3118.48916553415
1 Jan 2020 20:49:43.000000000,2227.96867033688,-5834.99741076855,-3111.80925043463
1 Jan 2020 20:49:44.000000000,2227.62620504723,-5838.68752046922,-3105.12568500419
1 Jan 2020 20:49:45.000000000,2227.28060079643,-5842.37076192662,-3098.43847708321
1 Jan 2020 20:49:46.000000000,2226.93185898983,-5846.04713038213,-3091.74763451609
1 Jan 2020 20:49:47.000000000,2226.57998103751,-5849.71662108522,-3085.05316515149
1 Jan 2020 20:49:48.000000000,2226.22496835379,-5853.37922929351,-3078.35507684256
1 Jan 2020 20:49:49.000000000,2225.86682235748,-5857.03495027299,-3071.65337744639
1 Jan 2020 20:49:50.000000000,2225.50554447131,-5860.68377929788,-3064.94807482461
1 Jan 2020 20:49:51.000000000,2225.14113612291,-5864.32571165058,-3058.23917684286
1 Jan 2020 20:49:52.000000000,2224.77359874387,-5867.9607426219,-3051.52669137097
1 Jan 2020 20:49:53.000000000,2224.40293377008,-5871.58886751079,-3044.81062628323
1 Jan 2020 20:49:54.000000000,2224.0291426422,-5875.21008162452,-3038.09098945781
1 Jan 2020 20:49:55.000000000,2223.65222680468,-5878.82438027862,-3031.3677887774
1 Jan 2020 20:49:56.000000000,2223.27218770669,-5882.43175879698,-3024.64103212853
1 Jan 2020 20:49:57.000000000,2222.88902680161,-5886.03221251162,-3017.91072740223
1 Jan 2020 20:49:58.000000000,2222.50274554728,-5889.62573676296,-3011.17688249347
1 Jan 2020 20:49:59.000000000,2222.11334540546,-5893.21232689987,-3004.43950530133
1 Jan 2020 20:50:00.000000000,2221.72082784275,-5896.7919782792,-2997.69860372933
1 Jan 2020 20:50:01.000000000,2221.32519432954,-5900.36468626649,-2990.95418568474
1 Jan 2020 20:50:02.000000000,2220.92644634109,-5903.93044623523,-2984.20625907935
1 Jan 2020 20:50:03.000000000,2220.52458535654,-5907.48925356756,-2977.45483182867
1 Jan 2020 20:50:04.000000000,2220.11961285935,-5911.04110365379,-2970.69991185269
1 Jan 2020 20:50:05.000000000,2219.71153033756,-5914.58599189258,-2963.94150707523
1 Jan 2020 20:50:06.000000000,2219.30033928336,-5918.12391369102,-2957.17962542421
1 Jan 2020 20:50:07.000000000,2218.88604119339,-5921.65486446435,-2950.41427483188
1 Jan 2020 20:50:08.000000000,2218.46863756819,-5925.17883963649,-2943.64546323419
1 Jan 2020 20:50:09.000000000,2218.04812991309,-5928.69583463936,-2936.87319857154
1 Jan 2020 20:50:10.000000000,2217.62451973723,-5932.20584491358,-2930.09748878809
1 Jan 2020 20:50:11.000000000,2217.19780855453,-5935.70886590795,-2923.31834183205
1 Jan 2020 20:50:12.000000000,2216.76799788268,-5939.20489307971,-2916.53576565592
1 Jan 2020 20:50:13.000000000,2216.33508924417,-5942.69392189448,-2909.74976821588
1 Jan 2020 20:50:14.000000000,2215.89908416526,-5946.17594782629,-2902.96035747247
1 Jan 2020 20:50:15.000000000,2215.45998417685,-5949.65096635758,-2896.16754138987
1 Jan 2020 20:50:16.000000000,2215.01779081415,-5953.11897297907,-2889.37132793664
1 Jan 2020 20:50:17.000000000,2214.57250561622,-5956.57996319011,-2882.57172508503
1 Jan 2020 20:50:18.000000000,2214.12413012692,-5960.03393249832,-2875.76874081128
1 Jan 2020 20:50:19.000000000,2213.67266589383,-5963.48087641978,-2868.96238309585
1 Jan 2020 20:50:20.000000000,2213.21811446934,-5966.92079047899,-2862.15265992281
1 Jan 2020 20:50:21.000000000,2212.76047740956,-5970.35367020892,-2855.33957928055
1 Jan 2020 20:50:22.000000000,2212.29975627539,-5973.77951115093,-2848.523149161
1 Jan 2020 20:50:23.000000000,2211.83595263143,-5977.19830885487,-2841.70337756043
1 Jan 2020 20:50:24.000000000,2211.36906804696,-5980.61005887903,-2834.88027247872
1 Jan 2020 20:50:25.000000000,2210.89910409534,-5984.01475679018,-2828.05384191967
1 Jan 2020 20:50:26.000000000,2210.42606235418,-5987.41239816347,-2821.22409389127
1 Jan 2020 20:50:27.000000000,2209.94994440548,-5990.80297858261,-2814.39103640501
1 Jan 2020 20:50:28.000000000,2209.47075183506,-5994.18649363976,-2807.55467747665
1 Jan 2020 20:50:29.000000000,2208.9884862335,-5997.56293893552,-2800.71502512553
1 Jan 2020 20:50:30.000000000,2208.50314919509,-6000.93231007914,-2793.87208737488
1 Jan 2020 20:50:31.000000000,2208.01474231888,-6004.29460268808,-2787.02587225203
1 Jan 2020 20:50:32.000000000,2207.52326720773,-6007.64981238859,-2780.17638778779
1 Jan 2020 20:50:33.000000000,2207.02872546873,-6010.99793481525,-2773.3236420172
1 Jan 2020 20:50:34.000000000,2206.53111871345,-6014.33896561125,-2766.46764297874
1 Jan 2020 20:50:35.000000000,2206.03044855754,-6017.67290042814,-2759.60839871507
1 Jan 2020 20:50:36.000000000,2205.526716621,-6020.9997349261,-2752.74591727237
1 Jan 2020 20:50:37.000000000,2205.01992452763,-6024.31946477398,-2745.88020670066
1 Jan 2020 20:50:38.000000000,2204.51007390598,-6027.63208564882,-2739.01127505397
1 Jan 2020 20:50:39.000000000,2203.99716638826,-6030.93759323659,-2732.13913038979
1 Jan 2020 20:50:40.000000000,2203.48120361139,-6034.23598323143,-2725.2637807697
1 Jan 2020 20:50:41.000000000,2202.962187216,-6037.52725133639,-2718.38523425872
1 Jan 2020 20:50:42.000000000,2202.44011884741,-6040.81139326271,-2711.50349892595
1 Jan 2020 20:50:43.000000000,2201.9150001546,-6044.08840473054,-2704.61858284397
1 Jan 2020 20:50:44.000000000,2201.38683279114,-6047.35828146841,-2697.7304940891
1 Jan 2020 20:50:45.000000000,2200.85561841478,-6050.62101921332,-2690.83924074163
1 Jan 2020 20:50:46.000000000,2200.32135868705,-6053.87661371117,-2683.94483088522
1 Jan 2020 20:50:47.000000000,2199.7840552742,-6057.12506071606,-2677.04727260759
1 Jan 2020 20:50:48.000000000,2199.2437098461,-6060.36635599102,-2670.14657399989
1 Jan 2020 20:50:49.000000000,2198.70032407734,-6063.60049530747,-2663.24274315693
1 Jan 2020 20:50:50.000000000,2198.15389964613,-6066.82747444551,-2656.3357881775
1 Jan 2020 20:50:51.000000000,2197.60443823539,-6070.04728919379,-2649.42571716365
1 Jan 2020 20:50:52.000000000,2197.05194153164,-6073.25993534965,-2642.51253822148
1 Jan 2020 20:50:53.000000000,2196.49641122599,-6076.46540871901,-2635.59625946038
1 Jan 2020 20:50:54.000000000,2195.9378490137,-6079.6637051163,-2628.6768889937
1 Jan 2020 20:50:55.000000000,2195.37625659375,-6082.8548203648,-2621.75443493818
1 Jan 2020 20:50:56.000000000,2194.81163566983,-6086.03875029627,-2614.82890541416
1 Jan 2020 20:50:57.000000000,2194.24398794922,-6089.21549075116,-2607.90030854588
1 Jan 2020 20:50:58.000000000,2193.6733151439,-6092.38503757854,-2600.96865246078
1 Jan 2020 20:50:59.000000000,2193.09961896942,-6095.54738663615,-2594.03394529028
1 Jan 2020 20:51:00.000000000,2192.52290114603,-6098.70253379037,-2587.09619516901
1 Jan 2020 20:51:01.000000000,2191.94316339756,-6101.85047491627,-2580.15541023553
1 Jan 2020 20:51:02.000000000,2191.36040745236,-6104.99120589756,-2573.21159863169
1 Jan 2020 20:51:03.000000000,2190.77463504293,-6108.1247226266,-2566.26476850288
1 Jan 2020 20:51:04.000000000,2190.18584790532,-6111.25102100455,-2559.31492799832
1 Jan 2020 20:51:05.000000000,2189.59404778068,-6114.37009694102,-2552.36208527039
1 Jan 2020 20:51:06.000000000,2188.99923641329,-6117.48194635453,-2545.40624847535
1 Jan 2020 20:51:07.000000000,2188.40141555225,-6120.58656517214,-2538.44742577271
1 Jan 2020 20:51:08.000000000,2187.8005869502,-6123.68394932983,-2531.48562532548
1 Jan 2020 20:51:09.000000000,2187.19675236445,-6126.77409477194,-2524.52085530042
1 Jan 2020 20:51:10.000000000,2186.58991355598,-6129.85699745185,-2517.55312386744
1 Jan 2020 20:51:11.000000000,2185.98007228988,-6132.93265333149,-2510.58243920026
1 Jan 2020 20:51:12.000000000,2185.36723033575,-6136.00105838152,-2503.60880947572
1 Jan 2020 20:51:13.000000000,2184.75138946659,-6139.0622085814,-2496.63224287446
1 Jan 2020 20:51:14.000000000,2184.13255146045,-6142.11609991912,-2489.6527475803
1 Jan 2020 20:51:15.000000000,2183.51071809848,-6145.16272839172,-2482.67033178051
1 Jan 2020 20:51:16.000000000,2182.88589116664,-6148.20209000465,-2475.68500366604
1 Jan 2020 20:51:17.000000000,2182.25807245439,-6151.23418077244,-2468.69677143089
1 Jan 2020 20:51:18.000000000,2181.62726375583,-6154.25899671802,-2461.70564327286
1 Jan 2020 20:51:19.000000000,2180.99346686855,-6157.27653387344,-2454.71162739274
1 Jan 2020 20:51:20.000000000,2180.3566835948,-6160.28678827914,-2447.71473199511
1 Jan 2020 20:51:21.000000000,2179.71691574045,-6163.28975598461,-2440.71496528764
1 Jan 2020 20:51:22.000000000,2179.07416511531,-6166.28543304815,-2433.71233548135
1 Jan 2020 20:51:23.000000000,2178.42843353406,-6169.27381553645,-2426.70685079092
1 Jan 2020 20:51:24.000000000,2177.77972281448,-6172.25489952545,-2419.69851943401
1 Jan 2020 20:51:25.000000000,2177.12803477909,-6175.22868109949,-2412.68734963196
1 Jan 2020 20:51:26.000000000,2176.4733712539,-6178.19515635203,-2405.6733496092
1 Jan 2020 20:51:27.000000000,2175.81573406951,-6181.15432138511,-2398.65652759346
1 Jan 2020 20:51:28.000000000,2175.15512506003,-6184.10617230966,-2391.63689181605
1 Jan 2020 20:51:29.000000000,2174.49154606413,-6187.0507052454,-2384.61445051122
1 Jan 2020 20:51:30.000000000,2173.82499892413,-6189.98791632082,-2377.5892119169
1 Jan 2020 20:51:31.000000000,2173.15548548621,-6192.91780167346,-2370.56118427389
1 Jan 2020 20:51:32.000000000,2172.48300760144,-6195.84035744923,-2363.53037582667
1 Jan 2020 20:51:33.000000000,2171.80756712391,-6198.75557980331,-2356.49679482268
1 Jan 2020 20:51:34.000000000,2171.12916591245,-6201.66346489949,-2349.46044951263
1 Jan 2020 20:51:35.000000000,2170.44780582933,-6204.56400891048,-2342.42134815074
1 Jan 2020 20:51:36.000000000,2169.76348874141,-6207.45720801777,-2335.37949899409
1 Jan 2020 20:51:37.000000000,2169.07621651898,-6210.34305841177,-2328.33491030336
1 Jan 2020 20:51:38.000000000,2168.38599103691,-6213.22155629169,-2321.28759034207
1 Jan 2020 20:51:39.000000000,2167.69281417366,-6216.09269786558,-2314.23754737732
1 Jan 2020 20:51:40.000000000,2166.99668781152,-6218.95647935054,-2307.18478967913
1 Jan 2020 20:51:41.000000000,2166.29761383763,-6221.81289697224,-2300.12932552068
1 Jan 2020 20:51:42.000000000,2165.59559414216,-6224.66194696544,-2293.07116317863
1 Jan 2020 20:51:43.000000000,2164.89063061994,-6227.5036255737,-2286.01031093242
1 Jan 2020 20:51:44.000000000,2164.1827251691,-6230.33792904956,-2278.94677706502
1 Jan 2020 20:51:45.000000000,2163.47187969273,-6233.1648536542,-2271.88056986227
1 Jan 2020 20:51:46.000000000,2162.75809609692,-6235.98439565806,-2264.81169761315
1 Jan 2020 20:51:47.000000000,2162.04137629242,-6238.79655134011,-2257.74016861003
1 Jan 2020 20:51:48.000000000,2161.32172219354,-6241.60131698852,-2250.66599114803
1 Jan 2020 20:51:49.000000000,2160.59913571858,-6244.39868890024,-2243.58917352577
1 Jan 2020 20:51:50.000000000,2159.87361879018,-6247.1886633811,-2236.50972404455
1 Jan 2020 20:51:51.000000000,2159.14517333427,-6249.97123674597,-2229.42765100918
1 Jan 2020 20:51:52.000000000,2158.4138012817,-6252.74640531841,-2222.34296272724
1 Jan 2020 20:51:53.000000000,2157.67950456632,-6255.51416543124,-2215.25566750937
1 Jan 2020 20:51:54.000000000,2156.9422851266,-6258.27451342588,-2208.16577366958
1 Jan 2020 20:51:55.000000000,2156.2021449044,-6261.02744565301,-2201.07328952452
1 Jan 2020 20:51:56.000000000,2155.4590858461,-6263.77295847192,-2193.97822339427
1 Jan 2020 20:51:57.000000000,2154.71310990145,-6266.51104825119,-2186.88058360157
1 Jan 2020 20:51:58.000000000,2153.96421902469,-6269.241711368,-2179.78037847254
1 Jan 2020 20:51:59.000000000,2153.21241517357,-6271.96494420876,-2172.67761633604
1 Jan 2020 20:52:00.000000000,2152.45770030963,-6274.68074316889,-2165.57230552392
1 Jan 2020 20:52:01.000000000,2151.70007639919,-6277.38910465236,-2158.46445437131
1 Jan 2020 20:52:02.000000000,2150.93954541149,-6280.09002507262,-2151.35407121593
1 Jan 2020 20:52:03.000000000,2150.17610932039,-6282.78350085169,-2144.24116439885
1 Jan 2020 20:52:04.000000000,2149.40977010312,-6285.46952842091,-2137.12574226375
1 Jan 2020 20:52:05.000000000,2148.64052974137,-6288.14810422029,-2130.00781315761
1 Jan 2020 20:52:06.000000000,2147.86839022016,-6290.8192246991,-2122.88738543007
1 Jan 2020 20:52:07.000000000,2147.093353529,-6293.48288631545,-2115.7644674337
1 Jan 2020 20:52:08.000000000,2146.31542166086,-6296.13908553647,-2108.6390675243
1 Jan 2020 20:52:09.000000000,2145.53459661247,-6298.78781883845,-2101.51119406017
1 Jan 2020 20:52:10.000000000,2144.7508803853,-6301.42908270634,-2094.3808554029
1 Jan 2020 20:52:11.000000000,2143.96427498373,-6304.06287363446,-2087.2480599167
1 Jan 2020 20:52:12.000000000,2143.17478241669,-6306.68918812597,-2080.11281596865
1 Jan 2020 20:52:13.000000000,2142.38240469648,-6309.30802269312,-2072.975131929
1 Jan 2020 20:52:14.000000000,2141.58714383981,-6311.91937385713,-2065.83501617046
1 Jan 2020 20:52:15.000000000,2140.7890018667,-6314.52323814831,-2058.69247706899
1 Jan 2020 20:52:16.000000000,2139.98798080161,-6317.11961210596,-2051.54752300301
1 Jan 2020 20:52:17.000000000,2139.18408267246,-6319.70849227843,-2044.40016235414
1 Jan 2020 20:52:18.000000000,2138.37730951085,-6322.28987522324,-2037.25040350657
1 Jan 2020 20:52:19.000000000,2137.56766335311,-6324.86375750672,-2030.09825484727
1 Jan 2020 20:52:20.000000000,2136.75514623846,-6327.43013570446,-2022.94372476632
1 Jan 2020 20:52:21.000000000,2135.93976021062,-6329.989006401,-2015.78682165619
1 Jan 2020 20:52:22.000000000,2135.12150731666,-6332.54036619003,-2008.62755391253
1 Jan 2020 20:52:23.000000000,2134.300389608,-6335.08421167422,-2001.46592993339
1 Jan 2020 20:52:24.000000000,2133.47640913923,-6337.62053946544,-1994.30195811996
1 Jan 2020 20:52:25.000000000,2132.64956796975,-6340.14934618441,-1987.13564687588
1 Jan 2020 20:52:26.000000000,2131.81986816194,-6342.67062846119,-1979.96700460756
1 Jan 2020 20:52:27.000000000,2130.98731178218,-6345.18438293482,-1972.79603972441
1 Jan 2020 20:52:28.000000000,2130.15190090106,-6347.69060625339,-1965.62276063821
1 Jan 2020 20:52:29.000000000,2129.31363759247,-6350.18929507416,-1958.4471757638
1 Jan 2020 20:52:30.000000000,2128.47252393449,-6352.68044606344,-1951.26929351847
1 Jan 2020 20:52:31.000000000,2127.6285620089,-6355.1640558967,-1944.08912232219
1 Jan 2020 20:52:32.000000000,2126.78175390144,-6357.64012125837,-1936.90667059789
1 Jan 2020 20:52:33.000000000,2125.93210170123,-6360.10863884227,-1929.72194677083
1 Jan 2020 20:52:34.000000000,2125.07960750174,-6362.56960535102,-1922.53495926927
1 Jan 2020 20:52:35.000000000,2124.22427339968,-6365.02301749667,-1915.3457165238
1 Jan 2020 20:52:36.000000000,2123.36610149615,-6367.4688720001,-1908.15422696797
1 Jan 2020 20:52:37.000000000,2122.50509389556,-6369.90716559154,-1900.96049903773
1 Jan 2020 20:52:38.000000000,2121.64125270616,-6372.33789501038,-1893.76454117165
1 Jan 2020 20:52:39.000000000,2120.77458004025,-6374.76105700492,-1886.56636181118
1 Jan 2020 20:52:40.000000000,2119.90507801375,-6377.17664833283,-1879.36596940001
1 Jan 2020 20:52:41.000000000,2119.03274874652,-6379.58466576073,-1872.1633723848
1 Jan 2020 20:52:42.000000000,2118.15759436176,-6381.98510606465,-1864.95857921443
1 Jan 2020 20:52:43.000000000,2117.27961698701,-6384.37796602948,-1857.75159834071
1 Jan 2020 20:52:44.000000000,2116.39881875301,-6386.76324244956,-1850.54243821776
1 Jan 2020 20:52:45.000000000,2115.5152017948,-6389.14093212819,-1843.33110730224
1 Jan 2020 20:52:46.000000000,2114.62876825079,-6391.51103187791,-1836.11761405365
1 Jan 2020 20:52:47.000000000,2113.73952026298,-6393.87353852058,-1828.90196693363
1 Jan 2020 20:52:48.000000000,2112.84745997797,-6396.22844888686,-1821.68417440675
1 Jan 2020 20:52:49.000000000,2111.95258954513,-6398.57575981699,-1814.46424493979
1 Jan 2020 20:52:50.000000000,2111.05491111826,-6400.91546816019,-1807.24218700205
1 Jan 2020 20:52:51.000000000,2110.15442685434,-6403.24757077496,-1800.01800906562
1 Jan 2020 20:52:52.000000000,2109.25113891464,-6405.57206452891,-1792.79171960466
1 Jan 2020 20:52:53.000000000,2108.34504946363,-6407.88894629894,-1785.56332709624
1 Jan 2020 20:52:54.000000000,2107.43616067002,-6410.19821297108,-1778.33284001947
1 Jan 2020 20:52:55.000000000,2106.52447470586,-6412.49986144059,-1771.10026685632
1 Jan 2020 20:52:56.000000000,2105.60999374676,-6414.79388861208,-1763.86561609092
1 Jan 2020 20:52:57.000000000,2104.69271997288,-6417.08029139909,-1756.62889620984
1 Jan 2020 20:52:58.000000000,2103.77265556713,-6419.35906672464,-1749.39011570236
1 Jan 2020 20:52:59.000000000,2102.84980271681,-6421.63021152083,-1742.14928305978
1 Jan 2020 20:53:00.000000000,2101.92416361237,-6423.89372272909,-1734.90640677621
