NAME,X[km],Y[km],Z[km]
N0000,1734.71860980171,-4995.51310058428,-3554.90085034016
N0001,2231.8583188654,-4673.16210090397,-3710.95311560423
N0002,1583.74060992389,-4879.27195897691,-3777.71846814634
N0003,2254.52437822409,-4991.59643385817,-3257.84664039203
N0004,1611.38071847207,-5041.82799749743,-3546.75384336865
N0005,1901.69743156704,-4805.51139083243,-3727.98638101006
N0006,1588.03859115079,-4846.47421553652,-3818.11719382936
N0007,1787.72051909704,-5077.90629492215,-3412.73206203937
N0008,2044.25236554588,-4854.9142408109,-3584.7744312115
N0009,1982.045583697,-5026.03568285979,-3379.55319581412
N0010,1675.96210218076,-5114.51554845816,-3411.05677377086
N0011,1669.3243971537,-5042.67208703663,-3518.84653753505
N0012,2049.64972180879,-4886.03352717124,-3539.46669713956
N0013,1599.272668258,-4831.38351919644,-3833.23206501144
N0014,1852.9162330608,-5257.4606725152,-3093.66535447991
N0015,1946.64798257118,-4810.72937537938,-3696.71992422157
N0016,2099.56799160239,-5087.63056604818,-3214.35244573719
N0017,2208.67631474212,-4689.09932065474,-3704.81624890918
N0018,2023.49436683913,-4831.33043420211,-3627.87307622149
N0019,2109.50196735281,-4941.60861022034,-3426.65812728733
N0020,1940.02612516322,-4971.0431724918,-3483.4310317083
N0021,1725.71354707832,-5262.75446068623,-3152.64968014358
N0022,1943.6490457364,-4749.81456072776,-3775.53744494762
N0023,1947.48959086884,-5162.54154060902,-3192.95751138866
N0024,2100.520863472,-5109.1014742546,-3180.55563739151
N0025,1968.94811612377,-4711.33040061368,-3809.8065585314
N0026,2150.77213997345,-4752.8694205927,-3657.81741742848
N0027,1712.65955460762,-4791.78556278758,-3834.56472864357
N0028,1669.77900172484,-5208.01709228048,-3270.64318277086
N0029,1934.60677219102,-4990.3271695849,-3459.09838966841
N0030,1956.90744266856,-4684.88486230327,-3848.11443683382
N0031,1745.51220861017,-5222.09326327629,-3208.82220168427
N0032,2102.94892661483,-5081.45340323849,-3221.67170177347
N0033,1950.14933561321,-5061.84151704894,-3348.13021186767
N0034,2136.36444204286,-5099.09692481477,-3173.0214013472
N0035,2200.44347240988,-5094.75661253331,-3133.78376534565
N0036,2171.23914952614,-4617.73199390254,-3814.32229232541
N0037,1565.72894086479,-4807.05787084069,-3876.420385491
N0038,1772.59793913166,-4858.32919731355,-3724.19940550205
N0039,2082.49533979087,-4607.05079158503,-3875.67902010684
N0040,2110.25825215101,-5054.81930502811,-3258.69771769206
N0041,1809.20376115796,-4875.70961180842,-3682.79426298444
N0042,1945.67326860321,-4773.95218737092,-3744.23129490599
N0043,2261.20205025754,-4698.72473706996,-3660.84392909741
N0044,2274.03684002732,-4855.86483962048,-3444.27156629851
N0045,1697.64662422908,-4865.12544132697,-3749.96563914512
N0046,1582.36049722201,-4867.78484765725,-3793.0944794657
N0047,2245.83726558846,-4924.21703820586,-3364.25681252926
N0048,2163.612042522,-4951.82469900104,-3377.69335748483
N0049,1911.78211539562,-4855.02903690789,-3658.11739441766
N0050,1950.75603941572,-5188.27364492922,-3151.84417744219
N0051,1745.34586298401,-5049.00215085328,-3474.05364934374
N0052,1874.03481963529,-5085.63628880564,-3355.3543860341
N0053,1844.09285475886,-5039.26872010831,-3442.44317421928
N0054,2348.83102564113,-4974.87752931521,-3217.2560962075
N0055,1814.45568728321,-4775.28182259467,-3808.57607043858
N0056,2001.43280322414,-4686.42397663205,-3823.28414238925
N0057,1900.53635268279,-5084.33108471497,-3341.88502641034
N0058,1901.94011515005,-4918.36579902763,-3578.93576765611
N0059,1831.63641893221,-5261.10829610731,-3098.10749437814
N0060,2045.02939811945,-4830.58534303344,-3616.81243243281
N0061,2371.60361152815,-4997.60190648021,-3164.73763273401
N0062,2083.48444946164,-4897.38207857463,-3504.28711579501
N0063,2322.95590426218,-4863.7990962898,-3399.78147418901
N0064,1638.376459377,-4948.8081111505,-3663.43449664603
N0065,1900.59115380636,-4962.4152755266,-3517.31500255609
N0066,1850.95395079376,-4735.71111626093,-3839.24134373911
N0067,1930.17901648408,-5196.79215945618,-3151.93360278742
N0068,1527.84677943816,-4891.92357003059,-3784.55481758196
N0069,2219.93567586719,-4963.34670351151,-3323.72487964095
N0070,2153.99026349462,-4588.22305527177,-3859.13425894326
N0071,1955.66878331093,-4759.83963181342,-3756.7541791915
N0072,2190.18372026859,-5045.20127050325,-3220.02492595265
N0073,1817.6630643774,-4823.18156367333,-3747.06609640313
N0074,1753.33048676543,-4988.32631870065,-3555.99249062177
N0075,1693.53670685315,-5038.71953271113,-3513.40642752108
N0076,1643.63902656232,-5216.05258935553,-3271.07213041187
N0077,1691.28214636385,-4866.19508631802,-3750.86930596596
N0078,1989.41760620385,-4948.58709749689,-3487.15643242364
N0079,2350.61500745255,-4923.60520043745,-3293.94620869644
N0080,2055.45436293942,-5058.21360119559,-3291.72129674247
N0081,1997.43258089867,-4684.0091492329,-3828.29218110191
N0082,2049.51988553857,-4911.03466665272,-3505.0568798015
N0083,1979.89724113075,-4878.97344374388,-3588.408374945
N0084,1848.73103924293,-5154.17225812824,-3266.50999749235
N0085,1799.33575084126,-4887.28687529892,-3673.0758270144
N0086,1739.15793045174,-5180.0095916495,-3280.55439824915
N0087,1820.73781676506,-4847.62279942784,-3714.39707636047
N0088,1794.17521500054,-5032.04900777385,-3477.85004506562
N0089,2043.90855512025,-4701.90960023661,-3781.90895593946
N0090,1723.83991252008,-5053.63091032308,-3477.89733840137
N0091,1590.59548456339,-5120.96056885904,-3441.90037160679
N0092,1822.22588304073,-5104.9526839854,-3356.85417488376
N0093,1600.10976801289,-5179.03757628223,-3349.97940915409
N0094,2041.67580114408,-4822.01261598011,-3630.02850879728
N0095,2065.18505651678,-5119.03921883217,-3187.34706452868
N0096,2068.22984131836,-4786.13446853163,-3662.0386721443
N0097,1817.32368547592,-4755.37081226132,-3830.87880592801
N0098,1985.24270257461,-5147.45364118229,-3193.41856351226
N0099,1646.41195077578,-4854.93414628587,-3783.96029658971
N0100,1987.603043231,-4867.28093915484,-3599.87776857233
N0101,1674.28232089051,-5132.36751052694,-3385.14129887511
N0102,1727.0114464597,-5300.05102246904,-3089.23898388732
N0103,2003.48776872729,-4888.31767743048,-3562.59438897069
N0104,2207.24251464264,-5034.62385627092,-3226.10943032644
N0105,1765.5136495138,-5150.08624021663,-3313.23665908424
N0106,1557.67147232333,-5058.852603455,-3546.49778100717
N0107,1973.06780382122,-4930.71157063769,-3521.5136633503
N0108,1525.23880765239,-4830.43508541466,-3862.94694167873
N0109,1626.17465837299,-4802.18452446234,-3859.12908702335
N0110,1929.41778112991,-5222.34787162919,-3110.84298769322
N0111,1603.41914723111,-4945.29888221577,-3683.61188778218
N0112,2081.48215747912,-4867.38427752161,-3546.47444031285
N0113,1522.97960649455,-4865.8593206964,-3819.70717059026
N0114,2059.67880374165,-4680.84533321257,-3799.28198964223
N0115,1614.79197941251,-5099.89355111356,-3461.72316581787
N0116,2189.85640914876,-4660.31200106485,-3751.71604041032
N0117,2228.62573882902,-4772.21846832144,-3585.6856934775
N0118,1920.54257403098,-5013.06045560072,-3436.77743274637
N0119,1891.00737573801,-4701.73509032086,-3860.74342818427
N0120,1681.64602119065,-5261.44037367213,-3178.36677198435
N0121,1924.64464769492,-4783.92035617457,-3742.69263123737
N0122,2154.96842783374,-5124.59114026402,-3118.79019451789
N0123,1715.32866325856,-4838.0538557674,-3776.8675573258
N0124,1911.64392563308,-4842.119993094,-3675.40544230198
N0125,2163.64316628548,-4826.59568674877,-3553.22285238735
N0126,2253.31984239424,-4793.63974760733,-3541.77009322957
N0127,2241.15841099015,-4668.59196215958,-3711.08278819923
N0128,1936.85555880161,-4873.8746335799,-3618.7319300643
N0129,1819.37141835891,-5112.69018699913,-3346.78050461216
N0130,1763.70018351342,-4755.74667895435,-3855.96019618225
N0131,1609.02898824166,-5080.27095517706,-3492.90900264186
N0132,2011.49043714247,-4776.75447842084,-3705.33319281382
N0133,1847.63134201117,-4731.38609235123,-3845.89220781681
N0134,1997.85189280187,-5009.60177853736,-3394.53371192735
N0135,2088.174647864,-5162.44177173131,-3102.71293008449
N0136,1826.66765319928,-4727.10744528877,-3861.13884751545
N0137,2192.4550177111,-4741.36262123306,-3647.94368108498
N0138,2023.77314497263,-4748.61900406858,-3734.44074306008
N0139,2063.53620851933,-4702.00911744543,-3771.21129942145
N0140,2178.98478288943,-4904.66348370629,-3437.93366585105
N0141,2062.26264807749,-5062.96064177281,-3277.80690254662
N0142,2074.61004642433,-4823.90307751154,-3608.88565038092
N0143,1761.19545409083,-5096.7250348736,-3397.07717135063
N0144,1900.20536430709,-5101.0966107352,-3316.48898974074
N0145,1609.19818051926,-5126.99631804909,-3424.3417903001
N0146,2173.44159509518,-5016.51862488594,-3276.25803980475
N0147,1956.3530120337,-4974.34778665117,-3469.43889577572
N0148,1674.33956158146,-5101.46674966081,-3431.19936873026
N0149,1759.45388298557,-4939.27132970227,-3625.33204469509
N0150,2075.74425618969,-4976.77899748557,-3395.94692086736
N0151,2145.84925814557,-4969.86305533124,-3362.33792466065
N0152,2211.16124657773,-4872.96000750989,-3460.72013890299
N0153,2353.01223923099,-4949.80370381437,-3253.615288591
N0154,1837.32597136905,-5082.3423832359,-3382.35991066985
N0155,2110.54127365613,-5062.31400008765,-3246.24508409936
N0156,2225.46440568701,-4779.02690983966,-3578.65566290716
N0157,1783.27358595567,-5144.53452162814,-3313.47808768596
N0158,2270.46070592033,-4887.2482917415,-3401.78158630853
N0159,1990.75723432341,-5057.53812244881,-3327.47559239903
N0160,2076.53493091079,-4637.76972315334,-3842.39209604141
N0161,1790.87689759438,-5169.07922172354,-3270.94387768768
N0162,2364.93274304876,-5028.96408979898,-3120.00577376927
N0163,1839.42351735752,-5169.84105720744,-3245.88878749586
N0164,2250.48432922447,-5073.28132668281,-3133.00131062292
N0165,1588.34437191465,-4988.23488230421,-3631.34475935792
N0166,2173.17076419886,-4787.44236159958,-3599.48619830042
N0167,2174.85788515004,-4655.11441089533,-3766.85318874374
N0168,1537.1404853415,-4895.82239533356,-3775.50778306878
N0169,1855.69332708782,-4731.73223740648,-3841.87300395014
N0170,2137.90321208103,-5113.00964145622,-3148.07955031746
N0171,1883.857764873,-5038.27076367368,-3419.95025646922
N0172,2287.24448244671,-4863.71468389623,-3424.742632166
N0173,2235.99540927125,-4923.0361351075,-3372.47497452631
N0174,1699.65615393248,-4768.06462940458,-3869.48953446384
N0175,2144.97562535733,-5096.12865168563,-3170.1740613842
N0176,2165.6576140847,-4824.82098282008,-3554.39169802413
N0177,2111.91123781086,-4742.46625208237,-3693.55737485945
N0178,1957.01958845733,-5159.25703779531,-3191.8046378371
N0179,2070.36067570733,-5061.44465181112,-3272.99688669706
N0180,1857.40633392918,-4727.51543829586,-3846.15176954494
N0181,2091.09669233168,-4617.56973121762,-3858.64179978101
N0182,2010.83864726061,-4636.05114936372,-3879.02276358366
N0183,1930.38248779483,-4841.90975992429,-3664.88457365758
N0184,2220.35685237257,-4995.38934017141,-3275.63091484927
N0185,1917.06819912138,-4737.08802450243,-3804.86746261852
N0186,1779.73521784647,-5216.27027996754,-3200.59333563967
N0187,1885.6581229227,-5035.87355304712,-3422.55233220096
N0188,1802.77990046068,-4859.75562337808,-3707.47953202659
N0189,1602.51092720622,-5164.62914312227,-3370.86808587944
N0190,2230.11145006294,-4718.11267459376,-3655.12571811475
N0191,2007.91163061545,-4806.96401594073,-3668.35184777183
N0192,2138.06406225859,-5099.83178459292,-3169.22751853017
N0193,2003.07156793435,-5020.6008801648,-3375.25620445219
N0194,1849.04760271057,-5062.05361222314,-3406.71692054812
N0195,2002.67951282732,-4672.77326290055,-3839.18141965994
N0196,1864.24441059842,-4860.88312715401,-3674.78493219831
N0197,1875.46955310902,-4966.81812173203,-3525.92689358964
N0198,2152.11298438282,-4946.32282930138,-3392.99660487546
N0199,2176.68349001378,-4804.74795357982,-3574.46389464058
N0200,1676.05708143988,-5146.74793436427,-3362.50569158149
N0201,1657.7826338845,-4826.95961397217,-3816.38926424377
N0202,1756.14475125775,-4858.52441817998,-3731.95878466706
N0203,1784.04266239416,-5187.73523515207,-3243.49832837989
N0204,2139.53063530527,-4725.51644563352,-3699.28014212562
N0205,1953.83817290006,-5002.74408845143,-3429.95631570106
N0206,2189.84755127884,-5014.61705464446,-3267.93776888959
N0207,1604.88001329711,-4974.08436675397,-3643.94267980529
N0208,1804.79669337573,-4862.21585857944,-3704.17846546743
N0209,1905.90163552019,-5219.92318927409,-3129.64860188204
N0210,2032.97202287622,-4685.01884376281,-3808.44844030088
N0211,1964.17446212272,-5188.80119336906,-3142.29234455376
N0212,1906.30743090662,-5113.1259824719,-3294.549633391
N0213,1839.63760050172,-4892.80043444953,-3644.95556785286
N0214,1736.89229798533,-5172.07980468587,-3294.29647271746
N0215,1981.35589153561,-5100.48173576857,-3269.4128907527
N0216,2267.01563841052,-5087.69666071024,-3097.75239756913
N0217,1682.01304215201,-4976.87153426056,-3605.16378301076
N0218,1668.83406401935,-5257.02362029952,-3192.30285623132
N0219,1991.38771981434,-4918.0859283572,-3528.61522291494
N0220,1953.02495801385,-5150.16539538193,-3208.94511288442
N0221,2097.97306582819,-4786.51440672563,-3644.74381294655
N0222,2041.21278334762,-5071.94954461108,-3275.40250130986
N0223,2033.8249636018,-5160.19663773794,-3140.54989773973
N0224,1778.30519492527,-4820.04298744782,-3769.64994180816
N0225,1696.82998029115,-4874.85336108451,-3738.31075677381
N0226,1651.9034590873,-5226.6304425159,-3250.09842162649
N0227,2309.162297456,-4947.38357402322,-3288.42284949908
N0228,1997.1570200867,-4752.53061761838,-3743.70981441656
N0229,2164.1651707928,-4854.71122694111,-3514.9694558358
N0230,1775.79291479391,-4741.45349703148,-3867.18000515451
N0231,1612.81986717201,-5065.68329147748,-3512.1671390594
N0232,1567.96817231588,-4845.26204494019,-3827.53176627395
N0233,2294.12416438487,-4816.943214914,-3484.12385986599
N0234,1644.7666753347,-5013.86186175923,-3571.41056315503
N0235,1649.68655853802,-4910.18266716208,-3709.3744051226
N0236,1924.81006089683,-5202.36427663182,-3147.00344494728
N0237,2067.54387702222,-4910.01559345906,-3495.92327386421
N0238,1683.80525339101,-5020.55229455753,-3543.79148676487
N0239,1733.39069040808,-5125.15097204294,-3367.38521489304
N0240,2152.23384299711,-4852.25873705933,-3525.53681522718
N0241,1809.92594714768,-4878.51026233854,-3678.82158495583
N0242,2058.06891301575,-5176.94319372181,-3097.84128818627
N0243,2302.85014450931,-4912.51120226661,-3346.2182766989
N0244,1808.59867513952,-4751.22271028559,-3840.19707816555
N0245,1636.30145818238,-4785.30627708882,-3876.39263052654
N0246,2072.42938657745,-4961.44899436405,-3420.12862359461
N0247,1919.45906670527,-5006.77940081474,-3445.43173211919
N0248,1824.31730967331,-5248.63738810996,-3123.33234827708
N0249,2110.9126364624,-5003.90017298747,-3334.22122672189
N0250,2176.21790843447,-4593.70417896482,-3840.19497545032
N0251,1521.02981503673,-4887.73650438578,-3792.61395935472
N0252,1521.57566298022,-4905.50526237022,-3769.51345560518
N0253,1855.11975898994,-4893.33932230031,-3636.43341032113
N0254,1641.47669629969,-5102.30229082149,-3445.69848659653
N0255,1573.18280568868,-5085.6994858248,-3501.26808359651
N0256,1693.66714921955,-4766.92732315942,-3874.73366159954
N0257,1710.94956315497,-4962.81555922041,-3611.20217419791
N0258,1578.69789422383,-4882.73012268711,-3775.3432719911
N0259,1886.57269119553,-4739.02175677798,-3817.80963119453
N0260,1985.32464091595,-4898.55760038482,-3558.82884888253
N0261,2375.68331417938,-5005.34289263035,-3149.48720491448
N0262,1517.23999880003,-4891.41307196183,-3789.35183634773
N0263,1793.76835108729,-5066.44731262054,-3426.68672314859
N0264,1648.35306163771,-5235.82565006912,-3237.16175217581
N0265,1749.98481624445,-5151.09590650562,-3319.27853794794
N0266,2293.20501774153,-4795.6382039723,-3513.50042158718
N0267,1870.47439106202,-4777.15448489579,-3778.82402522946
N0268,1780.93380780417,-5122.09680353194,-3347.79318661549
N0269,2226.92019401937,-4684.22741625584,-3700.02739921692
N0270,1711.19301963071,-4886.1339322011,-3714.97419011681
N0271,2259.0984258191,-4754.5377798079,-3589.95936145244
N0272,2404.30547641856,-5005.68838219338,-3127.17150268506
N0273,1742.98837068255,-4866.37296381675,-3728.63188658605
N0274,1785.44527454618,-4910.77847837615,-3651.16101737286
N0275,2167.37614423066,-4760.65375647215,-3637.9442276743
N0276,1630.15969226708,-4879.42392059016,-3758.49473072155
N0277,1878.99115593939,-4848.77350849934,-3683.85993120739
N0278,1601.54206256704,-4817.03981695011,-3850.92669369676
N0279,1728.50663691204,-5255.08411189784,-3163.82172913725
N0280,1585.92067782835,-5051.89910422952,-3543.90978483935
N0281,1976.11252765159,-5013.14171293157,-3401.99300909746
N0282,1768.2413001044,-4958.74284137156,-3594.8689939864
N0283,1591.73609700533,-5107.93535685369,-3460.55093430793
N0284,2124.91099601613,-4681.5834030132,-3762.59535278821
N0285,2245.99598425867,-4860.41107312185,-3456.06170832283
N0286,1710.00114216074,-5239.73751285829,-3198.89576419161
N0287,1658.00823770592,-4964.53567011776,-3633.38847384732
N0288,2209.10416929595,-4672.56437310721,-3725.17449974217
N0289,1578.09410619226,-4810.6077555396,-3867.14624060327
N0290,1833.48442367394,-5177.8722817618,-3237.06927253707
N0291,2016.06579204482,-5191.85958113431,-3101.88870787724
N0292,2255.83538382014,-4958.79282538302,-3306.48895319766
N0293,1717.51384938419,-4774.33930930347,-3853.46615662457
N0294,2107.1364485236,-5022.61338700207,-3308.57782747346
N0295,1958.73306920686,-4935.07523518779,-3523.68799437324
N0296,1620.98826898682,-4986.65579284921,-3619.3890669034
N0297,1708.33718564927,-5068.37745503103,-3463.4402425266
N0298,2242.58729827569,-4917.86735184534,-3375.64699391242
N0299,2078.32620951979,-4962.53545631008,-3415.00623096656
N0300,1693.27625811579,-5029.98143850037,-3525.64173273094
N0301,1839.1871846772,-4800.60748252924,-3766.47003115992
N0302,1936.92463508367,-5125.99363188298,-3257.98789598587
N0303,1675.96196531123,-5318.3363194469,-3085.94653142136
N0304,1694.24070800337,-5234.2076263724,-3216.16763570345
N0305,1594.38755587706,-4958.10357860772,-3670.04964598576
N0306,2070.78647894812,-4693.65379096308,-3777.57964950233
N0307,1653.36947241592,-4961.94283338479,-3639.40250081837
N0308,1592.3837690889,-4832.31009020445,-3835.07883375876
N0309,2009.4755836908,-5092.94147446464,-3262.55854793563
N0310,1697.11441836518,-4916.6385864147,-3681.55776767232
N0311,1901.98845236745,-4863.64681383072,-3651.76660104656
N0312,1562.07155489137,-5035.37919779391,-3577.62384972477
N0313,2145.83640813557,-4912.79201578865,-3445.27567427645
N0314,1688.70621299701,-5098.66534236824,-3428.34520116012
N0315,1828.73398181254,-5018.49708666263,-3481.50990441288
N0316,1816.8341679243,-4933.64088978328,-3604.92273185567
N0317,2082.85634183042,-5000.11464915092,-3357.39767335597
N0318,1892.6399493895,-4766.03476013839,-3781.4165450715
N0319,1837.24429659643,-5110.4127582986,-3341.38015967388
N0320,2382.00896543394,-4969.92792186497,-3200.78872328393
N0321,2035.81671949022,-4910.88222071614,-3513.21626827803
N0322,1831.16695147447,-4943.39358515531,-3583.77731028704
N0323,1967.29722857932,-4894.417214591,-3574.53392729091
N0324,1907.68988313815,-5137.70283041738,-3255.40958250766
N0325,1877.41200005413,-4765.57664607355,-3789.60823274349
N0326,1557.5672681589,-4854.61173197018,-3819.85368875766
N0327,1724.49609905771,-4984.83903046109,-3574.45367575844
N0328,2133.25899605836,-5092.40069863788,-3185.53479955087
N0329,2049.75019025694,-4655.73182132838,-3835.06349600485
N0330,1811.31481267515,-5207.02694330983,-3199.7473154954
N0331,2084.29109527576,-4887.31559238503,-3517.60647749614
N0332,2281.98691650995,-4865.86700216259,-3426.04119109014
N0333,2192.00123796973,-4985.55858178229,-3309.47394330428
N0334,1989.38807199834,-4715.85213923951,-3793.49254327081
N0335,1869.68807501829,-4710.57727561706,-3860.3969492084
N0336,1914.16987113207,-4943.74512096398,-3536.70512745795
N0337,1799.47803494721,-5104.41733704242,-3366.35119908973
N0338,2119.17897746068,-5031.75480860592,-3287.04938999935
N0339,1515.93147953044,-4886.80638930623,-3795.62845843543
N0340,1585.65584489566,-5154.22600599299,-3394.51986526445
N0341,1792.26087702595,-5263.37330970527,-3115.22428608254
N0342,1492.07301006912,-4842.51569931945,-3861.36513370228
N0343,1736.5034113571,-4905.16094887926,-3680.19603096271
N0344,1980.94683609443,-5200.56767115085,-3112.32655927044
N0345,1974.98887785496,-5096.61565685833,-3279.68731937187
N0346,2243.35046238122,-4819.08600980602,-3513.88557058717
N0347,2021.75633740285,-4903.90988933229,-3530.90890671516
N0348,2153.21807380548,-4889.64345147994,-3473.9081050821
N0349,1819.78441177496,-4743.99267231131,-3843.74570827872
N0350,2066.29911511254,-4997.27109634215,-3371.72179321313
N0351,1651.12699597483,-5037.40009677234,-3534.83603419094
N0352,1982.40794508853,-4864.83670220309,-3606.01790351185
N0353,1933.17155120047,-4711.79802410094,-3827.60570288452
N0354,1650.26931644358,-5025.85500287568,-3551.90940465717
N0355,1723.66017925454,-5031.33116098424,-3509.46321143724
N0356,1606.95344527094,-5106.58184557786,-3455.54641789633
N0357,2132.40031912778,-4678.68530203758,-3761.94267398006
N0358,1733.01563115038,-4917.99433504948,-3666.48616532776
N0359,2037.70701907489,-5022.34207128617,-3352.21341081568
N0360,1938.11282234414,-5062.58942110339,-3354.58792054984
N0361,2135.91073463691,-5051.75766924498,-3245.82304572605
N0362,2058.77668057375,-5138.04785730307,-3160.6144616784
N0363,1876.77723014947,-4727.86895891123,-3836.25401532269
N0364,1518.4524859282,-4833.1671765112,-3862.1536148635
N0365,2350.43850342823,-4924.93567309292,-3292.15411279453
N0366,2086.25815683471,-4972.81687803455,-3395.31647840595
N0367,2278.40772741355,-4740.00903229576,-3596.84495931272
N0368,2207.94955954137,-4883.94244391959,-3447.68520177391
N0369,1958.01283056832,-5145.07030371633,-3214.41723663358
N0370,2144.44244432804,-5116.23778022063,-3138.36625826397
N0371,2270.70197147869,-5019.37867955181,-3203.77186720838
N0372,2069.54690750197,-5160.02295542842,-3118.14544269031
N0373,1968.88716155258,-5186.30169011419,-3143.18522025136
N0374,2061.85151653139,-5060.02038759973,-3282.12486379131
N0375,1731.47527399497,-4949.84974009786,-3620.36868625259
N0376,1842.50737014846,-4769.04834550522,-3802.46105073999
N0377,1766.95430569779,-5180.16337969801,-3265.42435780892
N0378,2208.32523456368,-5028.94423282397,-3232.91030575635
N0379,2106.48572366462,-4727.3546002433,-3715.79618583717
N0380,1980.50759641378,-4967.39814977275,-3465.6310909627
N0381,1874.1970124161,-5039.37416732332,-3426.85157569983
N0382,1920.6271584187,-4903.33466616154,-3588.297198626
N0383,2249.23229438592,-4884.93628212789,-3418.97849314806
N0384,1715.84638690884,-5142.18773813815,-3349.48985155949
N0385,1862.87625053649,-4883.74346270072,-3645.17081415031
N0386,1736.4496642858,-4998.68660262098,-3550.7270983893
N0387,1601.6184633814,-5162.31584841323,-3374.80675162591
N0388,2304.93479566441,-4860.09168024858,-3417.53595330544
N0389,1875.9208691849,-5111.53706794452,-3318.24895354624
N0390,2064.18767546937,-4982.37737361317,-3394.80486965709
N0391,1944.4453649266,-5112.29208932628,-3275.60404402344
N0392,1978.42254522162,-5061.94910493196,-3328.6627772051
N0393,1742.81172688739,-5236.83961694374,-3186.00652332747
N0394,1753.05954619488,-5234.18989662065,-3184.75084095772
N0395,2085.61310891484,-4713.9114262999,-3744.32106195862
N0396,1616.53910191535,-5147.71340840063,-3389.86183458506
N0397,1938.33393030362,-5184.4477106292,-3166.98713195713
N0398,1839.08181751125,-4753.23908373966,-3824.96437584442
N0399,1908.79306865463,-4957.3075862909,-3520.1945478482
N0400,1669.61363168967,-5303.24243008158,-3115.02859788992
N0401,2070.27831318236,-5051.7564874627,-3287.89478124901
N0402,2188.75307175839,-4732.55141195291,-3661.48649162343
N0403,2280.87153273488,-5000.40123687211,-3226.03539592617
N0404,2205.94487296866,-5031.779851948,-3230.42631030126
N0405,2232.2249627583,-4903.38320204898,-3404.18985724184
N0406,2106.74307463702,-4625.52754814317,-3840.81848737136
N0407,2169.78448339498,-4679.92677575621,-3739.06566716437
N0408,1724.98811946434,-5188.73214622103,-3273.37313869314
N0409,2266.63249585505,-4927.42704856027,-3345.77155974259
N0410,1922.51531428546,-5041.93517339665,-3394.55731075136
N0411,1853.82700488992,-4706.35004664702,-3873.10155787245
N0412,2047.09304261172,-5180.44992171196,-3101.10253949704
N0413,1916.55260959086,-5146.22437392617,-3239.77508887669
N0414,1728.66736771585,-4950.81881392288,-3620.28282564022
N0415,1728.52581368562,-5274.82758042843,-3131.00211851977
N0416,1762.42464827546,-5029.68754540112,-3493.06162788538
N0417,1980.78202365415,-4887.56101053951,-3576.32220557564
N0418,1753.86713121044,-5232.85560550631,-3186.48713662634
N0419,2091.99448907445,-4693.79764447838,-3765.75493533308
N0420,1603.05837232647,-5173.00840198608,-3357.82232898941
N0421,1625.6116969098,-4980.1882816218,-3626.0417759735
N0422,1820.47163903382,-5043.99711502571,-3448.81336018829
N0423,2191.0151044153,-4991.46282543421,-3301.4091107525
N0424,2387.73548090689,-4965.24140850254,-3203.96939526891
N0425,2283.78541827862,-4889.14754164691,-3391.66552167308
N0426,2059.91162568602,-5075.85677258614,-3257.35177123157
N0427,2025.4573727777,-5114.98142693906,-3218.1191709623
N0428,1666.55188041549,-4793.08224363976,-3853.48156619371
N0429,2166.43616093298,-4940.0097675886,-3393.24071209494
N0430,1819.81062237666,-4767.22314993691,-3815.65129979754
N0431,2004.4563262387,-4953.91896117363,-3471.03159096404
N0432,1995.15975434507,-5118.57429693332,-3231.91297777729
N0433,2131.62423286703,-4804.17104126125,-3602.14296446856
N0434,2017.65405288679,-4914.77540480235,-3518.24823421173
N0435,1923.21099253808,-4690.64751265372,-3858.14400802694
N0436,2106.59697256096,-4593.52635662384,-3878.72169248597
N0437,1967.72476431924,-4789.3772048468,-3712.82454962261
N0438,2145.71904671115,-4644.6993133869,-3796.17249896814
N0439,2152.3346961682,-5123.97508912106,-3120.61657899258
N0440,1645.42106380848,-5220.73335895469,-3262.75465854354
N0441,1831.14281898303,-5026.32095924042,-3467.49614023959
N0442,1601.67631681157,-5151.42159935002,-3391.27417301854
N0443,2214.04569466554,-4749.48969529659,-3624.38140352897
N0444,2199.09522659552,-4808.73175637522,-3555.45812387762
N0445,2053.42218291587,-4942.84706798137,-3458.06249229688
N0446,1867.48531892134,-5020.782214885,-3458.77627663365
N0447,1775.49139257843,-5146.40488315092,-3314.48748281382
N0448,2131.73378408921,-4879.04895789026,-3500.85848282148
N0449,1585.13689646174,-4972.02843009897,-3654.75817848611
N0450,2366.92992098071,-5029.58630174233,-3117.51191711754
N0451,1721.08803837015,-4932.98250333394,-3648.70396785062
N0452,1652.74932026482,-5312.25473529473,-3108.703989259
N0453,2338.06955645858,-5023.77759721761,-3148.26403382712
N0454,1717.61529326437,-4968.42702227826,-3600.39401552006
N0455,1660.02583949244,-5017.45115896805,-3559.39273938668
N0456,2234.25521471452,-4711.86956694615,-3660.58782144904
N0457,1668.58571866743,-5313.34575815667,-3098.43080543316
N0458,1774.81370507323,-5242.67089810498,-3158.8259144389
N0459,2258.20139723717,-5073.93087293131,-3126.50286884167
N0460,1835.50197756783,-4806.23145753421,-3761.47297999947
N0461,1991.80783673963,-4872.49174152808,-3590.55619959945
N0462,1781.55986025768,-4769.46568234402,-3830.23199790461
N0463,1939.32303620095,-4704.20708736202,-3833.7313081749
N0464,2225.35579870009,-4636.25673088304,-3760.40941110626
N0465,1764.26548784821,-4810.59846917701,-3788.49144721197
N0466,2253.05962233839,-4889.84774550556,-3409.42349493537
N0467,2238.83914849216,-4951.25412375879,-3329.07585199485
N0468,1825.38814906181,-5143.43287742228,-3295.71225733776
N0469,1995.43562940858,-4867.91002222105,-3594.71120738058
N0470,1805.82290886487,-4780.79525140909,-3805.78633043037
N0471,1721.3086373013,-5075.4306409253,-3446.62748336301
N0472,1864.24884872831,-4972.39688681585,-3529.34889202992
N0473,1975.85118609925,-4864.46631275893,-3610.10094726694
N0474,2059.09978004605,-4860.24962387836,-3569.09713912331
N0475,1764.014256463,-4928.0121581074,-3638.64014871862
N0476,1995.03855170487,-5111.15810886314,-3243.24310391853
N0477,2033.62869321147,-5149.90388969674,-3157.73289460001
N0478,2110.039175452,-4933.59328782863,-3437.62977945252
N0479,1937.19387072827,-4780.77447260479,-3740.07056188695
N0480,1877.26014370518,-5235.1904355143,-3117.51952602139
N0481,1893.41573313172,-5125.92063668615,-3285.20033064423
N0482,1548.58623121342,-4875.5658662788,-3796.77486531926
N0483,1876.08302104993,-5014.42165665699,-3463.45864154216
N0484,1634.31671659867,-4937.2746686979,-3680.11989978712
N0485,1995.99090671734,-4823.33145313185,-3653.49284486718
N0486,1885.27522505739,-5160.6182655187,-3237.06726497615
N0487,2163.05868817946,-4986.01768835533,-3327.54701801218
N0488,1770.08911868173,-5233.06249366041,-3178.03989475775
N0489,1990.53370938394,-4733.27914513902,-3771.34693951404
N0490,1837.6520723122,-4734.59641254724,-3846.67105808378
N0491,1870.58665336347,-4827.39372778549,-3715.98154903318
N0492,2217.5488577474,-4947.55312410659,-3348.70309262122
N0493,1659.83636606924,-5090.52041864364,-3454.26751642986
N0494,1783.50737935848,-5273.31678766444,-3102.90177012378
N0495,1561.59123039227,-4968.57369154445,-3669.4448556867
N0496,2072.34872174075,-4672.39089207102,-3802.7765095292
N0497,2190.6401941761,-4940.36485014951,-3377.0085857426
N0498,1736.13240942582,-5127.34069992338,-3362.96012207139
N0499,1785.82441510827,-4778.1903606028,-3817.99464571324
N0500,2355.77471779483,-4984.64517655675,-3196.720940363
N0501,1734.27008284348,-4941.05629824901,-3632.48810753826
N0502,2062.16674453085,-4850.35825072564,-3580.66500503926
N0503,1914.1085189747,-4966.90950098326,-3503.68566826472
N0504,1745.40714362037,-5190.78551066208,-3259.39030294864
N0505,1882.01596881948,-5062.94627261014,-3388.3857701782
N0506,1971.20609939049,-4987.81233813314,-3441.67807660087
N0507,1938.39859050266,-4984.52962433164,-3465.19768594566
N0508,1707.65057713023,-4812.99249807194,-3811.65084876749
N0509,1821.20202208348,-5117.2142003145,-3339.15063337575
N0510,1892.9629396047,-4992.1716859503,-3480.39825555825
N0511,1611.91251269508,-5036.12593942534,-3554.55342397139
N0512,1821.97929772015,-5207.65697583216,-3194.26879817167
N0513,1589.56887775114,-5101.29982410068,-3471.2459654275
N0514,2291.58929987428,-4928.1885977459,-3328.77413727506
N0515,2001.68229789205,-4689.22037374968,-3819.75000588454
N0516,2040.90490368008,-4687.68716602513,-3800.98326070325
N0517,1683.0633883645,-5217.63227180678,-3248.58557100631
N0518,2198.38246754885,-4649.16549039534,-3760.47184274975
N0519,2204.65001999553,-4602.79968870433,-3812.94048965295
N0520,1604.15461977594,-4989.92282099929,-3622.12819723675
N0521,2131.14055469364,-4783.12790569109,-3630.05555296678
N0522,2244.43976847385,-4866.1932893045,-3448.8416077724
N0523,2001.41317542613,-4928.24625593203,-3508.79225942534
N0524,1648.1906155999,-4932.72007535717,-3680.13985641233
N0525,1889.58874209385,-5096.64717001332,-3330.20622846591
N0526,2159.70201452058,-4871.19551205556,-3495.3301631561
N0527,1966.4913752169,-5160.36796676644,-3183.77376349816
N0528,1760.8058054639,-5049.76645950604,-3465.08679278273
N0529,1651.1210259602,-5008.20054657586,-3576.21517289978
N0530,1850.4592229798,-4804.99868585588,-3754.37366814817
N0531,2277.08758064409,-4966.17034357484,-3282.23162297905
N0532,2167.40952579692,-4624.84349660242,-3807.79968859073
N0533,2128.87025183553,-4757.23958700263,-3664.91434471704
N0534,1942.57288836384,-5085.54977293445,-3316.04193912551
N0535,1642.13892603389,-4973.61837139543,-3628.2192426711
N0536,2030.90079819429,-4749.17602396918,-3729.89072576071
N0537,1974.43835781446,-5197.00426510339,-3122.11791046969
N0538,1947.82994866899,-4726.64429842697,-3801.98515554675
N0539,2300.05002332058,-4821.53959109709,-3473.91242770421
N0540,2330.55175454669,-4950.11680956146,-3269.19337738739
N0541,2026.57558554121,-5075.64757215232,-3278.36514333961
N0542,2032.32965324234,-4757.1247198356,-3719.06163988351
N0543,1749.70769565351,-4866.30811849317,-3724.29897217788
N0544,1907.53904106516,-5178.56976263865,-3195.81959338925
N0545,2258.72090355308,-4861.95344676154,-3445.71126454129
N0546,2292.2866181139,-4848.31664394506,-3442.21643135121
N0547,2287.78975460883,-4994.46311793604,-3230.4015222579
N0548,1873.11408069172,-4890.78768803598,-3630.69243762283
N0549,2076.77374250042,-5026.10037964859,-3322.51127251961
N0550,2088.33031734403,-4967.13501597079,-3402.34096203642
N0551,2253.63040069395,-5031.24696392032,-3197.30186651931
N0552,2056.68138534633,-5100.04962591,-3221.74056212667
N0553,2089.88219709353,-4714.63815864672,-3741.05085241969
N0554,1968.86298467221,-5138.16185474699,-3220.37362700908
N0555,2214.4512285378,-4751.61836007675,-3621.36054828841
N0556,1923.23066004941,-5096.58219687151,-3311.26609426342
N0557,1711.37061810099,-4968.00153082213,-3603.90440680727
N0558,1765.5180588149,-5136.77707100981,-3333.55828895206
N0559,1895.30714600467,-5075.48106483762,-3359.06273916094
N0560,2338.82434390485,-4919.35524262475,-3308.66940963215
N0561,1915.33815260376,-5216.76930546331,-3129.45485058615
N0562,1952.1749982166,-5168.83657045665,-3179.95964248453
N0563,1763.94772355368,-5071.48260969356,-3431.77569855145
N0564,1688.50444747987,-5257.02454737164,-3182.01273351708
N0565,1975.50228877,-4717.69969121236,-3798.57773485315
N0566,2324.33157555518,-5021.61305699265,-3161.76408254969
N0567,1630.98912902006,-4999.48293772217,-3597.2619220262
N0568,2174.82303560214,-4612.64174546262,-3818.38622318421
N0569,2093.36698644646,-5018.76590360276,-3323.23413052193
N0570,1884.11764502398,-4999.37067638953,-3476.14844407399
N0571,1879.13508888482,-4975.00161181578,-3511.91981225017
N0572,1948.6895994652,-4679.82185565411,-3858.47116398599
N0573,1624.52368231327,-4896.09519356375,-3738.82462460905
N0574,2038.84974424168,-4979.49078206785,-3414.20142925082
N0575,1594.52875045294,-4901.60411060202,-3744.34568548597
N0576,1857.91089597943,-5152.41818217971,-3265.39258555349
N0577,2127.36793763914,-5103.54835240021,-3171.30734582422
N0578,1990.60692808435,-5063.88012180773,-3318.06691475745
N0579,1959.27619616465,-5191.43776480691,-3141.60119837522
N0580,2371.31326503047,-5043.76676381345,-3091.336668856
N0581,2215.00954786224,-5073.14466154574,-3158.26880982142
N0582,2046.86572732675,-4830.99635135419,-3615.2396405113
N0583,2073.83716717111,-4615.08087504723,-3870.80173345081
N0584,1672.16238511002,-4799.82979709753,-3842.2377847786
N0585,2051.21567956186,-4707.04972607787,-3771.6340604017
N0586,1585.17445175571,-5093.48031182646,-3484.6216519643
N0587,1870.34018141048,-5194.09168594994,-3191.19990433878
N0588,1966.17360014702,-4951.37078671473,-3496.60646441608
N0589,1723.48128083107,-4947.94161770542,-3627.62721708985
N0590,1840.75715824456,-4849.48694159069,-3701.33135617768
N0591,1806.27426830379,-5097.32914026893,-3376.34022551853
N0592,2399.12947226138,-4986.22641875249,-3162.3841569926
N0593,2081.53949334824,-5110.36752258191,-3190.93529053148
N0594,2001.30683331171,-4642.9367760624,-3875.76097387708
N0595,1979.08470907176,-4890.74027131882,-3572.9604395916
N0596,1699.99006605093,-4768.49636285255,-3868.89719039483
N0597,2034.7559544186,-5012.59715164363,-3368.21802692358
N0598,2108.71082674774,-4897.25612409298,-3489.30050793131
N0599,1749.69189046501,-4787.45437520983,-3823.47017654498
N0600,1863.11165751645,-5067.65701845833,-3389.11330473098
N0601,1757.86662717107,-4797.81772833295,-3806.92600368944
N0602,1883.30750723656,-4964.46729785588,-3524.09834916608
N0603,2158.21615879292,-4930.37591362303,-3412.31539397751
N0604,1994.01056030217,-4912.26397212602,-3535.17506209518
N0605,1647.47611660557,-4868.58551641692,-3766.28584896031
N0606,2015.55479070372,-4745.32659333186,-3742.99502355229
N0607,1926.89848106721,-4784.75099599506,-3740.442616726
N0608,1998.94239294424,-4822.15326391239,-3653.43064345231
N0609,1889.59308468471,-5175.65533575032,-3210.79539165809
N0610,1943.48578794317,-5133.83567709093,-3241.56685283527
N0611,1871.42452443746,-5167.01863121295,-3233.88393603114
N0612,2061.37101611771,-5105.76231635856,-3209.80349725434
N0613,1770.2908862849,-5156.37945764286,-3302.8783528936
N0614,1765.93282001166,-4956.81309350216,-3596.73757664046
N0615,2210.36162954008,-5023.74042567455,-3239.43637611079
N0616,2288.57597775337,-4788.09497245098,-3526.64253821967
N0617,2245.90679718149,-4900.583889151,-3398.91419314953
N0618,1761.23588988496,-4938.83638282794,-3625.6421628146
N0619,1987.67604621222,-5121.64425861047,-3232.13834392622
N0620,1635.45142971713,-5017.77172254614,-3570.08151626615
N0621,1820.06904781393,-4804.64045087455,-3771.40634589043
N0622,1740.98899723907,-5079.34897994848,-3432.63408231255
N0623,1797.37181994174,-4961.70854751666,-3576.59725147451
N0624,1571.43156159777,-4869.65295234075,-3795.11752309297
N0625,2171.67423516904,-4741.90993353063,-3659.65525549446
N0626,2189.76358552099,-5064.0733553305,-3190.25832588102
N0627,1730.6536780728,-5061.93564598157,-3463.06718499882
N0628,2152.39071064221,-4899.03242896319,-3461.04189488344
N0629,2233.75876894097,-4842.24066440629,-3488.7343906785
N0630,1893.1210726476,-5089.92570504049,-3337.51021106079
N0631,1665.98470658009,-5003.21128844221,-3576.58134283377
N0632,1900.50812144916,-5128.17997397682,-3275.46450910178
N0633,1755.05676857676,-5158.19433856781,-3306.38240771445
N0634,1721.83263928919,-4796.34129006789,-3825.68107846492
N0635,1524.73553034971,-4954.77311320307,-3703.21996383141
N0636,1903.39473703537,-5148.20262908454,-3243.21480906441
N0637,2179.47370050072,-5105.66195289195,-3130.92681558899
N0638,1826.17478544626,-4881.99699957406,-3666.00083172105
N0639,2096.16560886007,-5042.44044411348,-3288.26746049334
N0640,1813.96787628428,-4824.05069750964,-3747.93860691572
N0641,1705.91880864824,-4822.21500369385,-3801.4677178795
N0642,2150.86566977566,-4576.07467691169,-3875.26092113188
N0643,2190.88347687863,-5079.19618931444,-3165.40626580567
N0644,1867.60101125356,-4963.70964253957,-3534.67040248266
N0645,1958.96055301741,-4863.41208851187,-3620.71424530175
N0646,2323.71203812054,-4961.01714093823,-3257.12430408679
N0647,1622.93669208516,-5229.17641409114,-3260.5100802874
N0648,2353.24782738201,-4907.43222728067,-3315.65471492568
N0649,1743.74575025608,-5122.23639897793,-3366.93820188669
N0650,1714.9463384973,-5036.66541478258,-3505.87246446803
N0651,2114.72754673517,-4748.7405417554,-3683.93737306675
N0652,1846.11549431771,-5196.70457568705,-3200.17252405135
N0653,1857.93955553961,-4739.78469698006,-3830.95106284831
N0654,2252.78879061037,-4991.49088471596,-3259.21493080243
N0655,1742.50525583736,-5262.5437318982,-3143.81832955028
N0656,2104.07393707676,-4604.83804457302,-3866.71152721392
N0657,1821.56785654512,-5130.67016337187,-3317.59165201302
N0658,1618.54197417965,-4954.19493438586,-3664.75052294453
N0659,2109.2903226009,-4685.16521226588,-3766.89877865361
N0660,1567.3985265251,-5080.49531835373,-3511.33529533043
N0661,2115.13973346663,-5031.70201130571,-3289.75396499632
N0662,2160.41748790429,-5129.78841142168,-3108.35312482857
N0663,2158.07360394503,-4701.67246215949,-3718.70449466436
N0664,2277.93924062021,-4869.484140332,-3423.77211512503
N0665,1867.23860671476,-5249.61349313227,-3100.99604262108
N0666,2032.11783967429,-5061.41479084927,-3297.35951597101
N0667,2212.76443658631,-4641.5973622436,-3761.31876471831
N0668,1732.80265673531,-4841.73285139221,-3764.10575359277
N0669,2089.90601989035,-4855.15393933867,-3558.1963687211
N0670,1937.80928531034,-5169.38845205898,-3188.86011329189
N0671,2110.54608336786,-5133.69725460858,-3137.0555395465
N0672,1712.19740129262,-5037.6740728815,-3505.74557727297
N0673,2266.58272154443,-4851.86182652354,-3454.936571558
N0674,1889.33886358104,-4818.53693194534,-3718.0194772923
N0675,2067.43569302729,-5044.43923876886,-3300.67684833477
N0676,2255.72855658483,-5019.77771954474,-3213.69820543718
N0677,1968.7283955857,-5076.85520040315,-3312.04104630885
N0678,2003.20746385736,-4910.21668960635,-3532.77515618894
N0679,1768.88893255853,-5205.43904632404,-3223.28039589269
N0680,1634.26800908287,-4828.76751355287,-3822.76288740837
N0681,2296.66814129589,-5039.20941422163,-3154.06266310153
N0682,2117.05549542143,-5086.81358067758,-3204.1519420779
N0683,1897.59899058481,-4925.87754693998,-3570.55671662375
N0684,2167.55752249989,-4988.78069831921,-3320.61063475545
N0685,2209.19615910706,-4628.78176549769,-3779.04735300622
N0686,1928.37645361464,-5081.71825867406,-3332.18028271771
N0687,1692.35263787918,-5292.66778818599,-3120.69978023869
N0688,1599.43264398614,-4835.36479764541,-3828.16836835544
N0689,2079.71684755547,-4719.02655564197,-3741.17730862415
N0690,1716.79638673669,-4829.89691607334,-3789.34213100634
N0691,1657.71436880516,-5155.86892449625,-3357.64983636094
N0692,1795.64033082744,-4840.71848832056,-3735.16622755132
N0693,2238.59344122623,-4805.90595631308,-3534.62144450055
N0694,2142.77969244734,-5063.76306775504,-3222.8006671632
N0695,1995.36769756697,-4958.68256233383,-3469.50090672553
N0696,1730.84042668404,-5024.93228129228,-3515.06719897323
N0697,2113.9804777079,-4974.60035205799,-3375.7969776798
N0698,1623.54553810772,-5069.09595066558,-3502.35586883229
N0699,2251.08644397319,-4974.91070403567,-3285.43756467196
N0700,1677.48175192995,-5216.02913110763,-3254.00483223819
N0701,1866.42426307991,-4826.6038723879,-3718.92633578457
N0702,2108.21595303122,-4820.29049306955,-3594.77328854883
N0703,1953.37595798317,-5178.02736438946,-3165.03896197325
N0704,2127.86811880132,-5090.07087325125,-3191.819702605
N0705,1785.49375464555,-4973.3406959225,-3565.61628556993
N0706,1594.43614792623,-5036.75027327664,-3561.49330779005
N0707,2062.82637420981,-4659.03611167904,-3824.10086240051
N0708,2193.49066805279,-4869.98543001717,-3475.94785252638
N0709,1959.83389365002,-5052.56588393342,-3354.82691533692
N0710,1873.79499861607,-4813.33889916922,-3732.36023534962
N0711,1612.9717215151,-5150.41564546789,-3387.47183270587
N0712,1940.19105965462,-4798.95516891,-3715.40793795854
N0713,1930.32212588997,-4973.79985381794,-3484.92557859849
N0714,1818.66597689658,-5166.43099996761,-3263.77015186476
N0715,2325.1443555315,-4847.45100435335,-3421.32805202532
N0716,1804.00584887412,-4953.40462013064,-3584.43653370392
N0717,1666.95074625072,-5314.52307715215,-3097.29939143144
N0718,1642.09223817247,-4826.81664890139,-3822.77439432723
N0719,1933.86628729404,-5088.08751673406,-3320.21986287463
N0720,1586.6409236148,-5074.67931086337,-3511.1059265679
N0721,1626.4703766777,-4813.73787800748,-3845.59082866837
N0722,1694.28613421998,-4924.02024398803,-3672.47427218764
N0723,1815.18362426144,-4809.64451710214,-3767.01564631005
N0724,2127.57890998133,-4677.600212551,-3765.97051147964
N0725,1990.08310839061,-4750.24090611614,-3750.38407878732
N0726,1762.382403941,-4978.23926034385,-3566.10736580935
N0727,1828.69860878943,-5092.08329513641,-3373.80567868568
N0728,1694.85925893708,-5028.75288517137,-3526.62999067129
N0729,2111.34057972801,-4750.2162535022,-3683.99198429317
N0730,1841.66361024206,-4859.08505158323,-3688.35586164333
N0731,2047.49012379165,-4995.13372701713,-3386.24956394876
N0732,1797.7865237362,-4761.3440079792,-3832.60450458349
N0733,1687.12297148291,-5278.52660568255,-3147.18990621825
N0734,1524.27034336288,-4860.49191820035,-3825.67912829029
N0735,1850.49493219914,-5117.50560836385,-3321.69856539878
N0736,1680.72938507867,-4837.95336569595,-3791.86850461043
N0737,1604.20493149244,-4793.59589800025,-3878.31507577645
N0738,1894.01034152259,-4948.79370669081,-3540.06291739603
N0739,2366.57079788472,-4926.11247340154,-3279.35833564773
N0740,1625.11410649682,-5033.04771372076,-3552.91684113913
N0741,2220.91357576796,-4744.93915433741,-3626.11143284239
N0742,2169.25354904271,-4626.08004299187,-3805.32458397541
N0743,1661.96692480352,-5111.15716012895,-3422.8345234344
N0744,2112.50379816835,-5000.04908932096,-3338.98608734835
N0745,2256.11037814703,-4876.49930259087,-3426.55099189708
N0746,2344.10174443777,-5030.89521932395,-3132.47796556847
N0747,1553.0049524582,-4917.69622787655,-3741.01491351792
N0748,1883.41080830515,-4930.59070903844,-3571.77520870297
N0749,2119.41928729046,-4663.62862706349,-3787.7918983059
N0750,1592.33463989924,-4971.89040273619,-3651.83321959479
N0751,1627.57679757835,-4988.86844632884,-3613.43420741333
N0752,2119.41609217096,-4677.69012571275,-3770.51917410925
N0753,1700.66789771447,-5072.82693523923,-3460.48074993335
N0754,1891.01021000485,-4855.7879583503,-3667.93885647511
N0755,1628.61728269719,-5270.04532516559,-3191.60887001172
N0756,1749.6853442548,-4987.07630032488,-3559.45606004064
N0757,1666.6178243796,-4993.54364786248,-3589.26650747286
N0758,2008.06776699567,-4697.45518909857,-3806.35715228288
N0759,1666.70867728871,-5066.162465155,-3486.40871266648
N0760,2247.45061055979,-5017.52189756444,-3223.05240506056
N0761,1846.02251222612,-4936.51327335121,-3585.32531232626
N0762,2167.08863662811,-4844.35913892731,-3527.21639032901
N0763,1699.12594277858,-4986.03138125478,-3584.66391359701
N0764,2173.14158278335,-4599.1604467864,-3835.4461547462
N0765,2367.45483753271,-4925.85017565896,-3278.78950146894
N0766,2207.16556199141,-4749.69509522504,-3628.29346308905
N0767,1865.63351382959,-5106.04889010107,-3333.19778313568
N0768,1773.44611611835,-5161.4248788226,-3292.79581858551
N0769,1806.70142164964,-5169.77105148449,-3261.68982738773
N0770,1864.85466361303,-4935.10825837291,-3575.75690272963
N0771,1776.28979927064,-5202.04705423534,-3224.62084463676
N0772,2057.16766917986,-5085.05876360633,-3244.81870405044
N0773,2076.37201530019,-4900.67809486599,-3503.7629872167
N0774,1591.60137256158,-5109.21253067567,-3458.73928736145
N0775,2178.88459996958,-5111.18261458748,-3122.56654725067
N0776,2399.41215284999,-5002.31648251242,-3136.26500991192
N0777,1833.53178649003,-4722.78276940722,-3863.04967399285
N0778,2318.19329987577,-4911.7126023282,-3336.63647288276
N0779,1845.86238982711,-5091.2185058502,-3367.14968784107
N0780,1818.76660580864,-4993.68467308515,-3522.03027004192
N0781,1740.69448363186,-4812.15466891579,-3797.69559687015
N0782,2267.0742043563,-4949.70563594504,-3312.74403235726
N0783,1982.51568390497,-5049.03931022312,-3345.16761371204
N0784,1600.05104017997,-5117.3581325138,-3442.8687899149
N0785,2204.6210834455,-4801.15738292876,-3562.17142707224
N0786,1830.06100582792,-5229.5344663369,-3152.7482156888
N0787,1922.71533424333,-5101.48251692454,-3303.16482960301
N0788,1781.01215277849,-5279.56774826929,-3093.99230557824
N0789,2246.10783380252,-4886.29858001769,-3419.10717784417
N0790,2057.53351840014,-4818.44058163531,-3625.8215995601
N0791,1618.08395764804,-5164.72536246759,-3363.32345797152
N0792,1693.78800103717,-5313.57609407175,-3084.42302422042
N0793,1739.32205839001,-4783.43318528224,-3835.56512111978
N0794,1798.47387431308,-5224.29103377922,-3176.82354456429
N0795,2196.50868289521,-4942.90518956429,-3369.42862658899
N0796,1923.71520008923,-5005.09357728067,-3444.73574272524
N0797,1654.03026374339,-5220.4224606077,-3258.92281100519
N0798,1912.19806819441,-4867.21294717848,-3641.89885338242
N0799,2258.57945871588,-4817.95037872029,-3505.76326770048
N0800,2381.63693838717,-4986.84917501608,-3174.39221190244
N0801,1876.6141019706,-4767.55760830017,-3787.55289296759
N0802,1641.55332377605,-5132.60280497174,-3400.6655171708
N0803,2135.37299145003,-5038.39828552674,-3266.61024330174
N0804,1976.00981812056,-4809.10557322845,-3682.79594838813
N0805,1954.0993999275,-4954.9546859558,-3498.62444670755
N0806,2118.15413328492,-4809.65111954875,-3602.8265501913
N0807,2238.86880616606,-5108.34134118178,-3084.40555720669
N0808,1652.21626823713,-5164.60929213569,-3346.98004327036
N0809,2023.30377042142,-4830.19078883438,-3629.48481846038
N0810,1886.01375569517,-5158.30353726789,-3239.96046546992
N0811,1846.67959815021,-5067.36240274631,-3399.6003303118
N0812,2004.34957046796,-4869.61901289077,-3587.45209778322
N0813,1881.96178238628,-4885.20376031394,-3633.47409859055
N0814,2070.66980081647,-4892.92895886817,-3517.78218694862
N0815,1852.83364490211,-4765.78658149567,-3801.51291634476
N0816,2101.60883431045,-5008.89857662829,-3332.75274959384
N0817,1917.28817041989,-5237.33658884516,-3092.75219520464
N0818,1694.00858339446,-5097.2411001084,-3427.85207517992
N0819,2239.82454644371,-4791.15293067287,-3553.60286605503
N0820,1814.2492950539,-4892.4612096786,-3658.30701499566
N0821,1702.31621426907,-4807.5789060308,-3820.94055860633
N0822,1708.99782767236,-5172.38997633029,-3306.49774190525
N0823,2141.32860837771,-4846.23772181144,-3540.25753957711
N0824,1578.91848975947,-5067.25232286731,-3525.19044697703
N0825,1724.86357074804,-4974.17418767605,-3589.14237876526
N0826,2115.16409019037,-4702.9170566105,-3741.51618054327
N0827,1900.22270228434,-4756.58330545683,-3789.32083064674
N0828,2123.42685596137,-4809.98357813709,-3599.28391527953
N0829,2224.03541192813,-4621.40882522275,-3779.34399497446
N0830,1852.9682196062,-5139.21125210279,-3289.15289702067
N0831,1945.01624389822,-4797.40138210594,-3714.80627374378
N0832,1575.25239454103,-5095.35261374924,-3486.37177077107
N0833,2156.65600568485,-5049.81766531037,-3235.20312378218
N0834,2111.68781316847,-5051.43631807256,-3262.35051482527
N0835,1904.33574165827,-4795.27881276186,-3739.1099130205
N0836,1898.63945039537,-5067.53103220748,-3369.87564801889
N0837,1871.92878655396,-4915.34894035402,-3598.34880521453
N0838,1781.40693424642,-4893.51989803988,-3674.93613962808
N0839,1769.65165475954,-5089.71889463939,-3403.21856474681
N0840,1907.17663359679,-4788.01763006465,-3746.70090872928
N0841,1804.35300922029,-4723.32351676547,-3876.47501875092
N0842,2171.64662495878,-4751.68732832593,-3647.11104493616
N0843,2172.9976234431,-4750.41120962507,-3647.93825057565
N0844,1913.61056366524,-4998.01878617778,-3460.20076299586
N0845,2262.54649103503,-5091.15695400134,-3095.35403484605
N0846,1792.13116115003,-4736.41178588463,-3866.24431979914
N0847,2214.4010312878,-4651.37248815807,-3748.32343374536
N0848,1878.45654416957,-4791.84839726184,-3756.57867622575
N0849,2162.98256705142,-5024.16041122758,-3271.45555712936
N0850,2082.63560796666,-4802.29398114715,-3632.81246432934
N0851,2272.52730347531,-5093.61136543156,-3084.05843521204
N0852,2270.82265638257,-5011.15447595185,-3216.4298535434
N0853,2169.84147927035,-4916.40059558242,-3425.73795675528
N0854,2072.71178883577,-4889.31807824155,-3521.57174212695
N0855,1551.11307379176,-4972.90202825632,-3668.0330359432
N0856,2157.17404261022,-4677.6684864294,-3749.13161635341
N0857,1785.44000134877,-5196.98858769391,-3228.29790567112
N0858,2106.14786096411,-4787.28538864795,-3639.07743107871
N0859,2001.12034843668,-4809.93013478175,-3668.18719683786
N0860,2319.48405104472,-4919.13924702224,-3325.02739106147
N0861,1759.85756632187,-4837.51003116544,-3757.92064042465
N0862,1890.49650012011,-5076.4284234158,-3361.4144058859
N0863,1745.62203705096,-5043.7742827095,-3481.78122733201
N0864,1814.39580935247,-4856.62769460965,-3705.61445058705
N0865,2093.93013631011,-4769.39157914382,-3669.22940683005
N0866,2246.64854430874,-4871.45662300048,-3439.93633059287
N0867,1972.96050878525,-5178.68789587021,-3150.77879290368
N0868,1723.56556760481,-5064.82864225138,-3461.44524640766
N0869,1931.83436597857,-5026.60115893202,-3409.39191946412
N0870,1918.11120791582,-4850.1966437842,-3661.05643506984
N0871,2187.47363264721,-4807.43119315936,-3564.33979062661
N0872,2206.36587490249,-4655.66805045248,-3747.79297881281
N0873,1685.02327642871,-5126.06369662102,-3389.33648817548
N0874,2300.9783428312,-4864.11463115835,-3414.6291397487
N0875,1891.53623110564,-5074.00625596218,-3365.20365692261
N0876,1623.3934510758,-4920.6608173404,-3706.93994641786
N0877,1756.87378341026,-4746.0967651348,-3870.59305397355
N0878,2081.63527757463,-4950.63336740847,-3430.11737974975
N0879,1840.49458781706,-4796.00360595553,-3770.59251656557
N0880,1803.57628374856,-4923.57837186102,-3623.66599565465
N0881,1627.78618366655,-5104.33414173871,-3449.15582352785
N0882,1933.0676714203,-4916.34981871264,-3563.87331218879
N0883,1773.61354047702,-5005.75499626063,-3522.35602205342
N0884,1944.34339833483,-5216.34688548979,-3110.29991089699
N0885,1684.18042922989,-5154.00663341292,-3347.3987010139
N0886,2106.8786539453,-4699.94943431873,-3749.92592472661
N0887,1684.73721599374,-4974.37104376566,-3607.34238653056
N0888,1806.49649596984,-5039.83495955091,-3461.88483503153
N0889,2023.5431049689,-4732.70265138265,-3754.54540892988
N0890,1905.4885899171,-5121.30231113259,-3282.82307760156
N0891,1798.53513956092,-5094.19101439046,-3384.08633712412
N0892,2278.78620136613,-4951.76407344188,-3302.83562849015
N0893,1900.94565830159,-5005.03189091894,-3458.07648641378
N0894,2050.336253515,-5125.97733403627,-3184.82850817159
N0895,2295.75669867723,-5010.66760476436,-3199.53983380157
N0896,1604.45262481548,-4825.28658564383,-3840.04895197515
N0897,2176.15303729482,-4638.3776611857,-3786.41219419126
N0898,1905.74051400062,-5230.17668137551,-3112.35037248187
N0899,2056.5580037805,-4887.89158434536,-3532.92530597182
N0900,1831.12126240449,-5008.59054082427,-3494.29596620091
N0901,1665.29275214981,-4868.16495814562,-3760.61171521818
N0902,1932.71141972026,-4838.8172225062,-3667.54519576206
N0903,1821.62590781288,-4848.49950844268,-3712.5462134987
N0904,2243.23685509946,-4992.70309625656,-3263.96653446787
N0905,1831.08818445427,-5188.39699787535,-3222.30750988834
N0906,1900.66182386194,-4980.57095729881,-3491.87014791274
N0907,2317.91699448791,-4911.6416560641,-3336.93172791496
N0908,1817.53815913284,-5130.92014113378,-3319.17273105054
N0909,1930.13778574596,-4873.73520666787,-3622.83093233649
N0910,1660.29261007548,-5307.50831809594,-3112.76045456176
N0911,1869.85932138924,-4937.34849361398,-3569.80922423136
N0912,2176.3058113357,-4882.88552992263,-3468.82333304448
N0913,1510.71090260856,-4860.06605505458,-3831.69056859852
N0914,1920.80584572622,-5082.64354626556,-3333.9574433813
N0915,1670.57314992084,-4902.66289671089,-3712.6376178653
N0916,2009.88620743756,-5131.43318544213,-3202.64715668991
N0917,1823.86763893694,-4839.1747002921,-3723.7963734612
N0918,1838.97997543743,-4846.60101147362,-3706.02836317158
N0919,1791.82460305335,-5280.34767308253,-3086.89931265154
N0920,1698.15912193468,-5142.51189289854,-3357.93257614798
N0921,1631.14595862501,-5154.80389639128,-3372.16305573924
N0922,2051.56700735618,-5037.79001711047,-3320.81209613235
N0923,2003.11895982486,-4867.5631084941,-3590.9028300055
N0924,1691.76811421375,-5030.85438579593,-3525.23245846226
N0925,2024.84039206056,-4765.62885400951,-3712.32400198327
N0926,2140.57083758648,-4581.12187602386,-3875.05840191231
N0927,1957.96769586086,-5069.39952696557,-3331.23972385532
N0928,2205.91343993464,-5094.98071192358,-3129.58739075156
N0929,1957.36098248889,-5058.04565581801,-3348.18355272619
N0930,1716.03749191527,-5035.74429129532,-3506.65764980945
N0931,1880.27372773666,-5105.04835658122,-3324.9669330301
N0932,2066.13333963076,-4973.38949541718,-3406.68278826432
N0933,1554.76943366309,-5051.24889682931,-3558.50837830727
N0934,1733.08328547406,-4891.39300055255,-3700.34222506152
N0935,1825.07917570914,-5132.04965874449,-3314.49284887121
N0936,1639.47680479578,-4949.53288043708,-3661.86196395977
N0937,2261.02195602893,-5025.3273853462,-3201.33020265096
N0938,1810.87642456824,-4949.15711412349,-3584.93717181839
N0939,2315.34960126081,-4923.10818520511,-3322.21914611987
N0940,1894.92953735938,-4943.78412343386,-3546.72124799998
N0941,1975.07409800643,-4986.3025698743,-3441.63732900872
N0942,1908.11777541388,-4803.46348550263,-3726.86677948615
N0943,2192.66581704289,-4675.44418137353,-3731.32147134321
N0944,2181.36177850213,-5030.51058969907,-3250.69310771506
N0945,1934.35385336494,-4949.85773091393,-3517.15407460812
N0946,2010.21055174523,-5073.98609248461,-3290.99125360406
N0947,1959.09668378816,-5074.73446838716,-3322.69509600799
N0948,1771.87263112806,-4988.2161403546,-3549.627096557
N0949,1617.84658399954,-5049.67134813307,-3532.71877076407
N0950,1788.70128529993,-4832.8861384802,-3747.87793972949
N0951,1681.12273604472,-4989.18418244826,-3588.56918039313
N0952,2250.42284540383,-4803.61188169103,-3530.21614336784
N0953,2191.5044913456,-4803.78584228913,-3566.71927665362
N0954,2119.09855271074,-4629.34856344844,-3829.40793396774
N0955,1930.0855294595,-4722.82923415381,-3815.74608282816
N0956,2016.17559549788,-4647.6702775972,-3862.39206450172
N0957,1514.85584428538,-4845.42800460153,-3848.31652350653
N0958,1730.716559452,-5116.72594747493,-3381.15604239787
N0959,1568.50890017751,-4901.50690155177,-3755.57988166173
N0960,1920.39836106293,-4939.98250876381,-3538.64746359528
N0961,1885.12668147283,-4814.28789241207,-3725.86812562844
N0962,1792.67077551283,-5187.75298665823,-3239.17322871172
N0963,2144.56337776942,-4902.77834813146,-3460.21683263462
N0964,1852.48202466164,-4962.80346034685,-3547.07332987691
N0965,1625.56501213532,-5020.90260808382,-3569.74327711614
N0966,2122.03044155586,-5109.61309725726,-3166.79739448559
N0967,1652.28625464639,-5210.50133244178,-3275.53044411399
N0968,1777.57074165128,-4775.99526811146,-3824.18212673696
N0969,1694.85504153402,-4807.20568079627,-3825.05728305783
N0970,1748.72289648719,-4819.15060375314,-3784.2439435836
N0971,2337.12918587293,-4995.36472326615,-3193.61071958087
N0972,2251.71738200286,-4918.85485285433,-3368.18299119024
N0973,1570.64512963046,-5077.65203362475,-3513.97840747277
N0974,2075.25517224269,-4900.83620368523,-3504.19168604421
N0975,1807.03005772217,-5192.04892485175,-3225.92703439728
N0976,1778.3116036044,-4806.29558332058,-3786.09301907292
N0977,2114.37281037297,-4970.12076107053,-3382.21495506595
N0978,2149.10652472219,-4681.53811724871,-3748.9193824372
N0979,1713.31226684159,-4971.41964681576,-3598.2508017243
N0980,2031.11436005475,-4865.89966387449,-3577.42807273736
N0981,2059.81416126687,-4876.92735258046,-3546.04969307856
N0982,2295.14787880349,-4794.02532059084,-3514.39817800301
N0983,1896.95054548019,-5090.01494216715,-3334.98422062766
N0984,2400.44757376778,-5019.78005795212,-3107.57615501231
N0985,1834.24306733715,-5247.50995495194,-3120.01980962812
N0986,2144.53992271553,-4646.45074045424,-3794.7069261098
N0987,1720.66874597592,-5280.42549549529,-3125.92052355035
N0988,1796.71674285563,-5083.28744513606,-3400.67539203354
N0989,2342.49763248151,-4980.89696212567,-3212.36324507887
N0990,2014.93880182163,-5076.48392927923,-3284.23740845247
N0991,2082.64462190425,-4774.8521150418,-3668.5475381508
N0992,1697.86139222641,-5087.1851630143,-3440.77511366397
N0993,2053.35341248545,-5174.60805097693,-3105.68888581264
N0994,1700.33178694485,-5310.91238196423,-3085.40414517166
N0995,1777.6844125752,-5230.32052915811,-3177.81947604597
N0996,2093.55881806363,-4612.16846698556,-3863.66947662566
N0997,1999.07673939661,-5146.90741618764,-3184.96553163739
N0998,1778.76997418462,-5236.56453668159,-3166.86583765815
N0999,2059.90602808867,-4891.41325137375,-3526.14598760939
N1000,1576.72579146824,-4907.11511086761,-3744.76476922115
N1001,1852.51208450833,-4726.02424413152,-3850.08520482324
N1002,2045.46587183699,-5047.31227234901,-3312.54339660726
N1003,1677.40668023162,-4848.44928500359,-3780.299822373
N1004,1949.52291289687,-4918.10326257726,-3552.2543056861
N1005,2138.60468466666,-4627.39821552319,-3821.0417483754
N1006,1797.46110247798,-4744.43060869778,-3853.82086714955
N1007,2204.46439714425,-4833.58855341596,-3518.65164691583
N1008,2051.07106897782,-4845.71521870169,-3593.23773909356
N1009,1733.56107866927,-4816.96760788947,-3796.51584501226
N1010,1608.89645798586,-4798.33207074244,-3870.99150328462
N1011,2211.44902690568,-4786.04211803245,-3578.02775203876
N1012,2050.28937455552,-4679.70301967107,-3805.71468405253
N1013,1718.00905079617,-4893.87502700287,-3703.54381244116
N1014,1825.1733042068,-4721.27872889684,-3869.24217302502
N1015,1831.03741254555,-4839.89290626624,-3719.21035686188
N1016,1754.03129961675,-5204.06937100248,-3233.38984845844
N1017,2126.37030620248,-5034.39782582135,-3278.4364283899
N1018,2145.69519323193,-4874.17128113883,-3499.51693520369
N1019,2189.03680017212,-4572.74532951781,-3857.59739158928
N1020,2020.70125739697,-4648.06311064112,-3859.55531530895
N1021,1845.97048540202,-4769.53981493212,-3800.15631491423
N1022,2411.44953853363,-5028.84178966078,-3084.46822021366
N1023,1946.50777193111,-4763.07734699357,-3757.49625251987
N1024,1561.49861147749,-5032.20846594887,-3582.30113573136
N1025,1665.67063080023,-4838.70374944736,-3797.96644686753
N1026,1604.30087320495,-4842.39475449482,-3817.45354649282
N1027,1598.06842165913,-5168.83697351567,-3366.5546667703
N1028,1707.85851064113,-5153.36983305115,-3336.44614580323
N1029,2261.07532690215,-4770.50320222947,-3567.6720128616
N1030,2183.6223043831,-4772.08300072926,-3613.36021166452
N1031,2212.90356178623,-4680.06297351417,-3713.57356585908
N1032,2022.13099943046,-4824.94347675115,-3637.05008418883
N1033,2111.38095038844,-4639.88655242005,-3820.99295479486
N1034,2193.73595893209,-4948.7333605705,-3362.6475295695
N1035,1991.20659143698,-4871.41789208193,-3592.33280623593
N1036,1686.78054995454,-5138.11987171379,-3370.28131982521
N1037,1733.74327494326,-4921.63757799553,-3660.61452035866
N1038,2150.78259128364,-4612.3627542059,-3832.19591274216
N1039,1709.8294892256,-5257.68973151058,-3169.59041236712
N1040,2065.58843732121,-4971.80288925671,-3409.30272063586
N1041,2391.9710293406,-4974.44441889562,-3186.59681766265
N1042,2272.37793356824,-4739.43160677935,-3601.38804469054
N1043,2041.84330433471,-4830.7250835786,-3618.42237939343
N1044,2138.01595720987,-4895.93943962399,-3473.70319924337
N1045,1913.12771114253,-5234.08541842694,-3100.93038949764
N1046,1598.48875419171,-5012.68592689884,-3593.27677570484
N1047,1708.69629297613,-5125.54404663363,-3378.33422849523
N1048,1686.6581124444,-5071.71750815711,-3469.85691564744
N1049,1764.10938790973,-4832.9088393073,-3761.33380315783
N1050,1868.27277662077,-5215.10563551279,-3156.82229716992
N1051,2096.81161348229,-5137.58481707198,-3137.62265053938
N1052,1981.03706316942,-5028.75905079794,-3376.11393362783
N1053,2296.40544168057,-4851.08635047694,-3435.73072487472
N1054,1924.02046049969,-5165.49983046536,-3204.4016400915
N1055,2236.90406501171,-5082.59514611961,-3127.68548296504
N1056,1747.77751997643,-4893.24618793166,-3691.37526654549
N1057,2070.93460971082,-4829.38978335132,-3603.69189814707
N1058,1813.89005811864,-5272.85795796192,-3088.75013863932
N1059,1831.8022933185,-5061.43702999272,-3418.74166926362
N1060,1836.8516883187,-4900.13165177274,-3636.74550832149
N1061,2206.05465227596,-4755.07400504468,-3621.99479957715
N1062,1633.98001941323,-5238.11013977745,-3240.72696696059
N1063,1950.45524257937,-4801.37216192315,-3706.77459833454
N1064,1665.00908095321,-5054.77062710025,-3503.59941525089
N1065,2299.80096120841,-4945.51967707288,-3297.39490322994
N1066,2034.15242457637,-5071.58457859678,-3280.19981212184
N1067,1738.88545645684,-4863.98407881059,-3733.62340149013
N1068,1817.26722730096,-5122.55065565305,-3332.96593858688
N1069,2169.88187313724,-4783.43059764919,-3606.73960708002
N1070,1843.08618312995,-4960.00977586146,-3556.45190584998
N1071,1721.00139828054,-5215.32136494797,-3232.50051573712
N1072,1776.11391083567,-5191.14482344307,-3242.95347688244
N1073,1556.50507540503,-4867.33699000565,-3804.10137248455
N1074,2307.42901310308,-4926.0643505639,-3322.94506277743
N1075,1738.9983360087,-4843.79958878816,-3757.48162779943
N1076,2201.87457232146,-4887.89033349598,-3446.20191824127
N1077,1858.44862062755,-4715.94056386997,-3859.15256697693
N1078,1659.95973638475,-5309.59564567463,-3109.39929134416
N1079,2087.38244530605,-5061.49171318892,-3262.874620509
N1080,2252.72620842049,-4703.53694208141,-3659.90413857908
N1081,2105.40992619472,-4881.59502383748,-3512.84882061795
N1082,1616.99721045974,-5158.05282474792,-3373.99609428448
N1083,1982.95872443633,-4655.25301996936,-3870.48655355711
N1084,1546.58643109748,-4873.77892148488,-3799.86702357506
N1085,1994.98149775617,-4649.94314686314,-3870.65825832297
N1086,2199.2835603928,-5056.91609812787,-3195.80507408865
N1087,2350.32301388551,-5008.85175415847,-3162.78387761804
N1088,1732.67163629362,-5085.58560342516,-3426.34769304536
N1089,1937.0973001433,-4728.65567389203,-3805.06199178524
N1090,1750.64861443583,-5259.71048754647,-3144.03779781198
N1091,2055.0165161903,-5120.83237669824,-3190.02684023574
N1092,1979.06269892621,-5203.21598960244,-3109.65047191319
N1093,2228.50851883963,-4756.62949209224,-3606.2171363511
N1094,2083.82637032425,-4921.2916410958,-3470.60591288398
N1095,2034.69615432571,-4828.40931539777,-3625.49129467475
N1096,2119.72061355754,-4890.68264463359,-3491.79513827253
N1097,1907.41586320946,-5014.97324154773,-3442.33732648782
N1098,1703.03495481604,-5266.24134814644,-3159.10193730328
N1099,2143.76779857284,-4874.52247603932,-3500.13276516895
N1100,1816.1919307129,-4837.3816584047,-3730.77095997955
N1101,2147.4346315058,-5132.74519997728,-3109.59921928025
N1102,1982.86564737822,-5175.71670854189,-3153.00694492282
N1103,2163.20140382877,-4839.0926654837,-3536.7003729346
N1104,1703.133490175,-5275.06207403921,-3144.39586169577
N1105,2230.75801236064,-5077.20240942778,-3140.70040363245
N1106,1774.47480475852,-5254.25909032139,-3139.83070584636
N1107,1699.74406547778,-5154.97977679961,-3338.08856261323
N1108,2163.79104621531,-4639.99865607479,-3791.61799908735
N1109,1771.49291135687,-5164.92874736652,-3287.05576305266
N1110,1657.64951834575,-5163.69102132401,-3345.71971439977
N1111,1824.79034880841,-4816.73280171624,-3751.72025626394
N1112,1868.65784034415,-5120.64394306336,-3309.32023100968
N1113,1616.65271939769,-4915.27365337158,-3716.97511334501
N1114,1861.73192568682,-4810.76941842817,-3741.53467826794
N1115,1839.2213631649,-4722.84072544306,-3860.22239356439
N1116,1852.24559446523,-5115.71378726795,-3323.78372584705
N1117,1943.63381199786,-4910.19556048093,-3566.26573433089
N1118,1679.34846036733,-4878.32805127779,-3740.57519474717
N1119,1986.91533289848,-5021.96339027685,-3382.72783392749
N1120,2066.68485909808,-5176.66878403485,-3092.46932616159
N1121,1797.90198507054,-4725.39186475465,-3876.83616268382
N1122,2037.55738529376,-5063.54529003761,-3291.32615243618
N1123,1850.59067592197,-5130.5934490599,-3302.69246830105
N1124,1803.44843637619,-4749.38036245714,-3844.8453448683
N1125,2262.26280545786,-4718.2913974879,-3635.11722520078
N1126,1749.56268189384,-4947.34745308472,-3617.5708386134
N1127,1585.35484798688,-4853.47019870771,-3810.2527482387
N1128,1925.69025027612,-4817.87162947197,-3699.16550431248
N1129,2080.86066974378,-5136.97336872678,-3148.26439578784
N1130,1758.10759688277,-4882.3802004086,-3698.94010652119
N1131,1936.31448896875,-5040.52646401665,-3387.6400004575
N1132,1819.33279914819,-4756.1923800778,-3829.18949641043
N1133,1931.75039221996,-4706.81781070835,-3834.38316601568
N1134,1739.67432817244,-5186.71730952557,-3268.81435437194
N1135,2329.57567085676,-5042.44381122149,-3124.80723534125
N1136,1706.00186494287,-4927.74103431083,-3662.69497921834
N1137,1625.94038470117,-4918.40975595465,-3708.81414808259
N1138,2026.02216204479,-4677.97094458174,-3820.70124945119
N1139,1724.22834303636,-5139.12878382231,-3350.19247003593
N1140,2258.43375409804,-4889.58682862917,-3406.22767367534
N1141,2039.69464861261,-4675.38801911684,-3816.61322711089
N1142,1537.88619158421,-4906.20503506134,-3761.95761903482
N1143,1827.14197134484,-4801.90482047873,-3770.94411361781
N1144,1740.73798919124,-4888.49952262003,-3701.02431684109
N1145,2003.3727048374,-4815.69207130673,-3659.46085031871
N1146,1580.04795556907,-4976.66602039734,-3650.6562869779
N1147,2030.12956581785,-4803.38305460629,-3660.84042221568
N1148,2057.9333988385,-5140.30501597274,-3157.4398638163
N1149,1774.38910913093,-4953.98042251682,-3598.12017475518
N1150,1666.62336026455,-5063.46100545777,-3490.34580841229
N1151,2232.93138486724,-4865.12924536497,-3457.96848398455
N1152,1883.55140579404,-4975.50251420775,-3508.57482674362
N1153,1683.74931364747,-5169.00539276839,-3324.56338296712
N1154,2171.9328362076,-4596.82300616216,-3838.91391247502
N1155,1852.99139125331,-4725.06512052846,-3851.03437095381
N1156,2207.47188914349,-5055.23294007114,-3192.00536714254
N1157,1908.19018769763,-5229.94637713176,-3111.37267708755
N1158,2162.9297496931,-4712.65172761271,-3702.05631704455
N1159,1559.34505867711,-4985.22634243242,-3647.89189965393
N1160,1997.44197077928,-4827.09367393588,-3647.77762008642
N1161,1909.22138459631,-4904.18866146643,-3593.66349552178
N1162,1870.32665031513,-5198.76769812801,-3184.22162100136
N1163,1754.05802316506,-5088.02856429684,-3413.91746829845
N1164,2062.9932980353,-5156.45494858624,-3127.96852550287
N1165,1912.1466676847,-4818.27095966119,-3706.46973869037
N1166,1825.72101380097,-4934.59875823539,-3597.31135073826
N1167,1958.83480448024,-5051.03009169647,-3357.51006195025
N1168,1697.40622241781,-4969.82370795805,-3608.23664286914
N1169,2067.6655199712,-4780.47083007262,-3669.68757780449
N1170,1566.15063665143,-4998.66385560034,-3626.66689313636
N1171,1761.42663812009,-4965.66189216762,-3587.11114289289
N1172,2101.57101370678,-4753.2923798355,-3685.60081802617
N1173,2027.78027647729,-5077.57692292015,-3274.69073756041
N1174,2174.16852398475,-4619.3885857099,-3810.66425212507
N1175,1583.93757007002,-5058.40466169157,-3535.56202206696
N1176,1776.03315288733,-4882.78867563979,-3690.94304041793
N1177,2106.12313913491,-4594.15982754475,-3878.2253421475
N1178,1650.79092302627,-5206.58182530415,-3282.46269082973
N1179,1772.26423947647,-5287.10976559329,-3085.89923903354
N1180,1992.66500360788,-5121.61385262571,-3228.65125947606
N1181,1882.56257574107,-4790.53432714588,-3756.21921377055
N1182,1994.07721019999,-5067.7451840719,-3310.10028492301
N1183,1869.94627420797,-4778.18489172249,-3777.81544139542
N1184,1857.38274875648,-4754.28702815418,-3813.57469801137
N1185,1660.55770648718,-5319.79841481085,-3091.71104169934
N1186,2017.2925681794,-4992.94850974786,-3407.46971362893
N1187,1805.62773866526,-5128.12334535625,-3329.32202856113
N1188,1592.74137605985,-4942.25978085691,-3691.72394139808
N1189,1595.94138290686,-4933.63930896835,-3701.70492949621
N1190,1615.70268628204,-5103.35836850408,-3456.22461843155
N1191,1511.89346243736,-4901.70158870278,-3778.10398877117
N1192,1645.17460146397,-4842.12716061669,-3801.93971718354
N1193,1556.27499193212,-4974.5963386684,-3663.57664790852
N1194,2132.71175904678,-4810.31497152648,-3593.37216861834
N1195,1829.59562010454,-5127.59797611542,-3317.64998665244
N1196,1599.77431358431,-4917.71354492774,-3721.02604681773
N1197,2282.74241616915,-5040.75474007151,-3161.64323062358
N1198,2298.46814080454,-5015.79538753242,-3189.60544593251
N1199,2137.27793784709,-4916.17463758475,-3445.63032625512
N1200,1800.53944649499,-5102.03277260921,-3371.44706201515
N1201,2008.62777831343,-4912.49868681269,-3526.5530179023
N1202,1963.05749195891,-5199.81219211162,-3125.017861622
N1203,2061.98680011963,-4874.52318155959,-3548.06939584944
N1204,2145.58931909873,-4954.58430957552,-3384.89935550739
N1205,2097.35266581154,-4974.09037754603,-3386.90520866875
N1206,2309.2362020244,-4985.97920083818,-3228.35688317219
N1207,2170.79605230886,-4938.18983803352,-3393.08608448927
N1208,1662.03488210742,-4980.60275141719,-3609.14446438817
N1209,1949.59672093659,-4906.2309158131,-3568.32878492972
N1210,1600.0759188796,-4930.02925589089,-3704.72770317714
N1211,1723.50577900256,-4829.56564357615,-3785.34648715239
N1212,2144.53655445626,-5032.88088941528,-3269.25432360873
N1213,2002.6035566477,-5114.86469792045,-3232.57424110253
N1214,2243.99742301624,-4928.02703581435,-3359.89573527055
N1215,1829.64096265643,-4949.55806903998,-3576.00950589432
N1216,1942.28346812721,-4981.98113021164,-3466.53707887808
N1217,1764.48762615741,-5000.10454540414,-3535.55297230904
N1218,1990.32162711223,-5000.33412957011,-3412.48703366143
N1219,1986.71152666626,-4679.43473848773,-3839.36456041724
N1220,2072.91973771985,-5057.38710906823,-3277.55527965615
N1221,2025.84215566628,-4872.48788030379,-3571.49966069829
N1222,1548.14481102019,-4907.6404142352,-3756.3532942646
N1223,1794.64530320093,-5004.06590139587,-3516.24213961499
N1224,1667.69510851367,-5053.86166697898,-3503.63370573148
N1225,2102.66656094042,-4894.88099678048,-3496.22852422925
N1226,1582.5021360545,-5073.99658322207,-3513.93985169535
N1227,1984.19044127288,-4956.50869127612,-3478.95560166676
N1228,1628.41700616662,-4872.58221878164,-3768.30437961118
N1229,1817.27522800719,-5186.6325310437,-3232.23965506376
N1230,2283.19732568718,-4873.339044518,-3415.0198096966
N1231,2039.1830505622,-4632.2927211371,-3868.67958611598
N1232,1736.56924910929,-4949.29992756525,-3618.57780128422
N1233,1756.0724364544,-4825.51829250587,-3775.21563574346
N1234,1826.89623698841,-4987.30065531332,-3528.67146530728
N1235,2104.70591738166,-4702.49993730107,-3747.9683929347
N1236,2019.56749676501,-4697.87677097156,-3799.79428613208
N1237,2089.81752258084,-5051.64638996787,-3276.94336482482
N1238,1974.98174178104,-5064.12173592123,-3327.9802184748
N1239,2034.15760513981,-4709.68275368958,-3777.51218242166
N1240,1901.71569585714,-4821.59312451007,-3707.93814607432
N1241,1866.94298822524,-4704.32977542892,-3869.18915151735
N1242,2050.37208978923,-4842.09187811465,-3598.48475747455
N1243,2022.59555766682,-5148.54218880221,-3167.89045135189
N1244,2335.07770505489,-5051.30472618744,-3106.50627870814
N1245,1826.19981958745,-4790.22333820432,-3784.4506012926
N1246,2207.69050850168,-4971.54595749549,-3319.71237932326
N1247,2099.08378610372,-4653.87233043784,-3810.83108347095
N1248,2055.11145723433,-4968.71653391685,-3420.05272666195
N1249,2194.71463534755,-4737.97305161871,-3650.94765905779
N1250,1732.6772022491,-5256.3927119939,-3159.39448354785
N1251,1724.0219965487,-5229.43411642697,-3208.16111605131
N1252,2167.42453135686,-5122.17108325135,-3115.47859471547
N1253,2156.16333138227,-4937.50172801595,-3403.32776241145
N1254,2178.15268906133,-4722.57360819624,-3680.53459695669
N1255,2128.86102511514,-5076.49871287263,-3212.38473272728
N1256,1558.75293255725,-4822.95192947151,-3859.20307079596
N1257,1550.54131687775,-4828.54794666312,-3855.43246038496
N1258,2010.39910888838,-5163.06671396803,-3153.68731481847
N1259,2044.44145957445,-4871.09333652065,-3562.81489840535
N1260,2015.38540883341,-4854.42379385674,-3601.68988398008
N1261,1962.4962193136,-4878.36248503669,-3598.76939637859
N1262,2059.00565278213,-4755.08115567354,-3707.05737875318
N1263,1728.5506830197,-4812.83291562003,-3803.06668838108
N1264,2290.59286593305,-4886.9105514536,-3390.90020231574
N1265,1549.41676193797,-4831.47318376683,-3852.20909330923
N1266,1689.54960963429,-4880.13131079814,-3734.14943961159
N1267,1687.36004143015,-5225.98321447878,-3233.0008130482
N1268,2260.51873383058,-4921.27535532481,-3358.87159878914
N1269,2096.20520006402,-4938.46478577468,-3438.84390455939
N1270,1603.31310697695,-4835.53557345697,-3826.5572240115
N1271,1587.98333220897,-4944.75670837229,-3691.09000271735
N1272,1832.50655252408,-4741.70186891398,-3840.57376957757
N1273,2015.45286422318,-4884.21338529392,-3561.45013568347
N1274,1613.55150236755,-5221.09942455791,-3277.94798509697
N1275,1710.8367478808,-5267.98276854447,-3152.0243663731
N1276,1988.17047132378,-4778.72074024557,-3715.31342949976
N1277,1784.19734206499,-5047.40229672548,-3459.35365321475
N1278,1834.11007170685,-5153.20001667903,-3276.12447501503
N1279,1808.11503049855,-5231.22483977689,-3160.2783549568
N1280,1809.99768136428,-5057.81530081724,-3431.24453210897
N1281,1746.98483980004,-4821.32291025776,-3782.34218963246
N1282,2213.17581471398,-5045.23901809399,-3203.92000551543
N1283,2155.11183036961,-4855.85089851885,-3518.91020283191
N1284,2216.10353156278,-4714.36546897733,-3668.41937414157
N1285,1582.07962133111,-5043.72106960727,-3557.16157895475
N1286,2193.60584141997,-5087.35840301862,-3150.43674603414
N1287,1747.08375185426,-5086.51904712146,-3421.1556889304
N1288,1762.37051100233,-4968.88016268113,-3581.69037333936
N1289,2136.52840839756,-4888.55650426387,-3484.91746856972
N1290,1898.23110603534,-4880.0955347453,-3632.01676026288
N1291,2041.29764268252,-4949.47602788604,-3455.85236674129
N1292,2148.33134206378,-4582.89617291124,-3868.61883885397
N1293,2052.98146186854,-5117.75538395676,-3196.19636993459
N1294,2014.09347318849,-5041.28779629449,-3337.94653175455
N1295,1819.40095705158,-4911.13491887507,-3631.43192403971
N1296,1904.54824343992,-5233.12809315018,-3109.0251780476
N1297,2057.60995532705,-4684.3763789943,-3796.07786335669
N1298,2139.40538320745,-4588.31474433697,-3867.09253148786
N1299,1735.47225913221,-4885.03011175385,-3706.8554714559
N1300,1926.90170210787,-4673.33476040478,-3877.08594561982
N1301,2150.60697764433,-4786.18606740586,-3614.59522074191
N1302,2245.45137108433,-4887.39895984664,-3418.011196597
N1303,1876.04429841492,-4806.66077366537,-3739.81426270021
N1304,1730.14567076391,-4779.98364901359,-3843.14828395905
N1305,2005.70537031378,-5149.03710310112,-3177.00658527867
N1306,1727.7838434329,-5193.55010999727,-3264.03279777108
N1307,1700.98563391789,-5265.52692386419,-3161.38029849968
N1308,2001.15066995385,-5082.33701066864,-3284.86727551797
N1309,2213.4879737273,-4738.91592739845,-3638.46051292727
N1310,2332.8059970565,-5015.23765417986,-3165.61262911296
N1311,2029.54706075065,-4692.85976603709,-3800.67772911847
N1312,1616.84030598461,-5141.85513477143,-3398.53921982488
N1313,1916.10985419953,-4716.2517679175,-3830.7676054317
N1314,2205.54038302686,-4918.80182792494,-3400.34285737493
N1315,1863.30786045698,-4820.8460688266,-3727.64780898747
N1316,1657.12515399287,-4809.29665866736,-3838.43493239997
N1317,2147.94003141661,-5019.70031303538,-3286.97574004042
N1318,2029.32709058403,-4715.05062562207,-3773.44439885076
N1319,1587.033997934,-4813.79293891438,-3860.13370939982
N1320,1895.2374087314,-5119.63472399206,-3292.69252654929
N1321,1846.668610886,-5007.22019932888,-3491.12012308493
N1322,2226.71888755813,-4931.47840973988,-3366.27695896325
N1323,2202.04072172022,-4908.6826894161,-3416.70237985088
N1324,1568.83637462589,-5055.74582808949,-3546.01059980183
N1325,1850.40405210085,-4710.14226511973,-3870.24877360086
N1326,1817.3932754709,-5071.61625901945,-3408.80371894327
N1327,1617.76777549791,-5014.29962409906,-3582.45725734592
N1328,2031.56626154092,-4936.03140829022,-3480.55095263078
N1329,1924.15706919865,-4802.36957421219,-3719.62645981611
N1330,2081.4290928811,-5082.21685781434,-3236.10904857166
N1331,1804.0439986557,-5217.37211914366,-3186.64442146553
N1332,1812.64441351525,-4795.64030551357,-3784.57761913891
N1333,1975.3959117553,-4911.79514674731,-3546.3219292127
N1334,1702.77524798272,-4994.00323624103,-3572.47238915445
N1335,1663.42458784295,-5301.26056554864,-3121.66162087419
N1336,1702.14505463636,-5043.61729988499,-3503.77840819935
N1337,1900.46217883751,-4791.07697125038,-3746.63261228265
N1338,2101.68783913313,-4845.94897371794,-3564.03050923009
N1339,2056.19240158821,-4663.50230495012,-3822.24579437576
N1340,1743.23395638118,-5008.15700266416,-3533.03959646016
N1341,1945.99516288689,-4758.19792518551,-3763.89066829051
N1342,2149.8413947294,-5047.77483479444,-3242.92690399066
N1343,2204.00822482847,-5053.88485308873,-3196.5758051188
N1344,2131.81778272646,-5071.44760441466,-3218.22257692184
N1345,1903.0239948988,-4800.27486011187,-3733.49562577848
N1346,1928.62269115454,-4975.33452774243,-3483.72223243484
N1347,1648.20705523984,-4965.75270912254,-3635.84382085924
N1348,1775.35860143305,-5024.93785897184,-3493.68035947373
N1349,1701.65607408895,-4904.48071500809,-3696.80812632091
N1350,1578.93813595673,-5038.95141388445,-3565.2537651201
N1351,1729.12351468068,-4999.82514462574,-3552.40601246036
N1352,2189.70904602911,-4593.87426658857,-3832.31802157173
N1353,1795.09592929813,-4737.02179469504,-3864.08292778824
N1354,2124.02845416425,-4667.00772783257,-3781.00718910018
N1355,2186.41467877426,-4964.19364103836,-3344.75557743185
N1356,1901.0732960225,-5002.25770054481,-3461.97848995242
N1357,1917.90026832546,-4739.61482224085,-3801.34846573729
N1358,1770.52425143834,-5001.37746899527,-3532.5533383353
N1359,1879.60179990019,-4944.91218039711,-3553.78980167793
N1360,2089.2463501297,-4935.53601479664,-3447.13073485675
N1361,2163.82015054635,-4995.43234110239,-3313.19130439251
N1362,1794.85701525579,-4729.76210084066,-3872.8252533602
N1363,1578.74869746037,-5106.07068949554,-3469.18289225069
N1364,1643.22952127393,-5262.36823320311,-3196.74646100121
N1365,1588.39734007506,-4816.00119788331,-3856.78729842526
N1366,2194.33453470235,-4857.10232658635,-3492.98616779033
N1367,1856.3216537635,-4925.48301373312,-3593.69435945216
N1368,2323.64366657774,-4976.54522685793,-3232.69640304516
N1369,2198.1531728367,-4877.48806006835,-3462.89227706006
N1370,1932.32522222247,-5066.93520697662,-3354.0773491703
N1371,2325.01285831033,-4867.13985261584,-3393.57873309058
N1372,1967.38495838455,-5212.34668414883,-3101.64034557658
N1373,1701.11996422307,-5306.13213263048,-3093.1328856071
N1374,2097.93447441447,-4826.55027151164,-3592.47423971217
N1375,1766.98336624499,-5136.95606686135,-3333.13487030666
N1376,2244.69526274796,-5029.7288348535,-3206.02413095658
N1377,2149.83368231791,-4979.4053705739,-3345.74274217629
N1378,2045.41437408203,-4813.87241167344,-3638.64193520477
N1379,1986.41459996078,-4783.23306940467,-3710.55113676817
N1380,1567.74540929812,-5065.42735051707,-3532.73993822417
N1381,1654.37620438928,-5100.69462263355,-3441.93619013605
N1382,2042.4056347565,-5102.33100635891,-3227.15035377954
N1383,2045.32933144834,-4792.54937251432,-3666.50680047555
N1384,1990.75203415104,-4681.90816625318,-3834.29362313555
N1385,2013.21126718,-5075.25931318521,-3287.14267530066
N1386,2058.61721152324,-5052.21119168691,-3296.86057560184
N1387,1696.99060208315,-5191.46733488112,-3282.8532089131
N1388,2025.76882604544,-4665.5287649346,-3835.89964421273
N1389,2063.49902587611,-5056.62045967974,-3286.77931641481
N1390,1895.61438717503,-4948.40549986207,-3539.74530561838
N1391,1680.84351290053,-5132.82115377533,-3381.22814790565
N1392,2137.85374579522,-4784.06797084372,-3624.89399911325
N1393,2039.70497860718,-4797.52815338326,-3663.16488415118
N1394,1980.52477118126,-4747.18290637089,-3759.47204820346
N1395,1598.87831190867,-4854.35246097058,-3803.87464277358
N1396,2284.37777897311,-4930.80631696028,-3329.94329350154
N1397,2041.41147975884,-4857.87291596767,-3582.40910228222
N1398,2030.46996356733,-5133.52918130007,-3185.66353592299
N1399,1827.8526480896,-4808.05643670044,-3763.79094905231
N1400,1721.52945555896,-4837.28217078874,-3774.99142693843
N1401,1976.09546907383,-4662.81082900874,-3864.87578767158
N1402,1773.78096655771,-5283.07590814168,-3092.08734688902
N1403,1763.07266162848,-5017.61409503218,-3510.15381702471
N1404,1900.32270804366,-4713.71161819335,-3841.7566515134
N1405,2031.70395149199,-5022.66265044839,-3355.16465981944
N1406,2123.06647659404,-5125.59840518902,-3139.33329978052
N1407,2238.6512481226,-4653.9955077551,-3730.72855848857
N1408,1877.8510420355,-4918.32909239794,-3591.56587876056
N1409,1619.78636756285,-5222.26528740374,-3273.04447468522
N1410,1962.67873630588,-4820.53240209517,-3675.18012753513
N1411,1889.47114517801,-5009.56214202094,-3459.3255293551
N1412,2053.57450036493,-4970.13695923802,-3418.91934094567
N1413,2263.71575872746,-5007.3938503003,-3227.24310394977
N1414,1591.41620305728,-4918.90102274651,-3723.02372206768
N1415,1920.19085908568,-4822.16792865852,-3697.09908679897
N1416,1828.4932745984,-5058.1646998248,-3423.58865658834
N1417,1673.98823767566,-5035.32913700192,-3527.50699192444
N1418,2263.08105253039,-4785.10231666969,-3546.98556870041
N1419,1626.04981201018,-4863.70703919388,-3780.50837532285
N1420,1555.62248528252,-5005.76082630453,-3621.43771301425
N1421,2041.24027817185,-5002.55151770436,-3379.12674989438
N1422,2052.47740519122,-5175.34905090644,-3105.10849042367
N1423,1573.23111256101,-4920.70671420099,-3728.34654085045
N1424,1897.61469673128,-5096.4082825524,-3325.24104530358
N1425,1856.77836189661,-4875.59262902887,-3659.08779379588
N1426,1712.92435447286,-5182.24534434163,-3289.10685378396
N1427,1915.24489031812,-4779.17118368328,-3753.56902060563
N1428,2070.72644926023,-5049.08724974601,-3291.59357970819
N1429,1768.7436232897,-4790.92545421549,-3810.40053781554
N1430,2013.89460697808,-4844.92975263461,-3615.18330264764
N1431,2174.04088147422,-4599.00176437956,-3835.12710718251
N1432,1639.74248987412,-4973.62920428326,-3628.79673690437
N1433,2119.46817292079,-5153.3348414171,-3096.35641522864
N1434,1548.04607539865,-4914.61222005983,-3746.96147308668
N1435,1897.92673981167,-5020.83806041351,-3437.03426033698
N1436,1987.61820414826,-4836.97803661199,-3640.13077921502
N1437,1786.44363312661,-5121.79149623305,-3347.06507055012
N1438,2369.69833527475,-5022.22699980923,-3127.23744289531
N1439,1606.07182601486,-5048.83241188133,-3539.23783621347
N1440,2116.21496998935,-4849.08406127051,-3551.40829926082
N1441,2097.52802607613,-4681.18438527421,-3778.30775900986
N1442,2232.31622021656,-5012.08014720154,-3242.01161884505
N1443,1959.06195139735,-5115.03157693495,-3261.75188482226
N1444,2163.025053516,-4666.46636825186,-3759.58185384327
N1445,2163.50602812684,-4814.78746979949,-3569.08194269455
N1446,2212.12292360204,-5049.98898732699,-3197.14111369795
N1447,2155.35063296827,-5050.83922775857,-3234.44147360501
N1448,2172.93010486953,-5118.34540330699,-3117.07137927457
N1449,2145.21278954069,-4742.30082589547,-3674.64638270099
N1450,2017.39291057156,-4957.59104028791,-3458.33084748409
N1451,2143.38813572503,-5098.74358735173,-3167.12766971925
N1452,2282.98703289623,-4993.88559200241,-3234.59829818411
N1453,1610.63416762608,-4865.34147820986,-3784.7909278102
N1454,2242.97939033541,-4811.23851082514,-3524.66911497495
N1455,2187.71437807546,-4919.9764187796,-3408.78360542604
N1456,1534.49936043062,-4914.01300174309,-3753.40108674564
N1457,2095.68986599953,-5141.73529715287,-3131.42242129676
N1458,1750.63302931361,-5036.82553615332,-3488.64865586283
N1459,1890.56747592984,-4776.69301725439,-3769.29452995324
N1460,1942.56883014142,-4876.68200018936,-3611.86132369137
N1461,1764.72494267459,-5004.63819077879,-3528.05871412915
N1462,2154.583889319,-4956.21598123293,-3376.9214591828
N1463,1992.51534069985,-4975.9588082696,-3446.49345191041
N1464,2362.51185829005,-4943.74406714211,-3256.65592815371
N1465,1728.56744338037,-4923.18959249367,-3660.65930473306
N1466,2052.84998291287,-5020.71236762854,-3345.41072178729
N1467,2199.1223083624,-4868.84732988613,-3473.95470449933
N1468,1987.24748385844,-5139.04335041183,-3205.90078110274
N1469,2150.51494384393,-4573.12787232316,-3878.85331340321
N1470,2087.38530577383,-5004.71911271572,-3347.7991867611
N1471,1829.13312809658,-5265.35945771352,-3092.10064917025
N1472,1980.60403946653,-4833.09277477128,-3649.02451077355
N1473,2225.89311483942,-4934.12844069303,-3362.94707927149
N1474,1793.35439254008,-5190.99243765472,-3233.65205365207
N1475,2042.65387498884,-4743.9085872113,-3730.16948638565
N1476,2134.51955267541,-4908.23729593941,-3458.47677770805
N1477,1569.70038512264,-5090.63024190833,-3495.69899419138
N1478,1964.13770432671,-4738.59656814401,-3778.80104541021
N1479,1542.75713569437,-4824.07584169388,-3864.01011414144
N1480,1963.16253753885,-4847.38024062498,-3639.62508023376
N1481,1898.79103343736,-4896.17051445864,-3610.37984015245
N1482,1851.11773529377,-5074.26470187971,-3388.08419143378
N1483,1916.99081118906,-4748.88412008063,-3790.36150551344
N1484,1648.62294239664,-5072.18182191222,-3486.25079069148
N1485,1628.99576901345,-5201.96861434133,-3300.49334741097
N1486,1678.04052061034,-4911.59051246192,-3696.49961394902
N1487,2163.77958994702,-5060.76920955861,-3213.19312537453
N1488,1739.00762387828,-5065.29881385923,-3454.43803394095
N1489,1667.75445225713,-5307.73244645299,-3108.41511750343
N1490,2018.12594215678,-4685.42462108565,-3815.78024908325
N1491,2036.67807982222,-5054.57585320311,-3306.68383235785
N1492,2048.79345331761,-5078.41292193858,-3260.35982325975
N1493,2314.78337922316,-4928.15195774991,-3315.30662994969
N1494,1878.41673322783,-4755.83219078023,-3801.28724193743
N1495,1772.33345119828,-5139.69877901309,-3326.26160011401
N1496,2247.540489748,-4804.23328770099,-3531.22150543502
N1497,1666.66715125101,-5132.62770406682,-3388.47832130385
N1498,1915.14011203388,-4856.64534741671,-3654.21903330611
N1499,2305.35883660172,-4868.68301354536,-3405.1048189238
