NAME,LATITUDE[deg],LONGITUDE[deg],ALTITUDE[km]
N0000,-34.0889950555698,-70.8501691085986,0.490002979523625
N0001,-35.8066735568953,-64.4712973458559,0.233948265118147
N0002,-36.5524791052809,-72.0173246436367,0.174983109696738
N0003,-30.9139338743007,-65.6930194213954,0.264599286138523
N0004,-34.0032520862777,-72.2759914704487,0.0147114015486703
N0005,-35.9873061727208,-68.409680380537,1.5899966504504
N0006,-37.0050776131009,-71.8576421838057,0.455262427307472
N0007,-32.5462773157499,-70.6049447828461,2.01075663356603
N0008,-34.4150334738731,-67.16556443929,0.449695150441046
N0009,-32.2003355506343,-68.477922719148,0.568717515538299
N0010,-32.5398330934531,-71.8566839823298,0.0165333676597092
N0011,-33.7002507064493,-71.6834090459083,0.0223522691936523
N0012,-33.9212769948977,-67.2423630401224,0.470769194163634
N0013,-37.1724932077678,-71.684550894324,0.939821164764491
N0014,-29.1926999917686,-70.585728672373,2.25764210163063
N0015,-35.6452319381504,-67.9694221677582,0.764377438655681
N0016,-30.4536607761652,-67.5749951636768,1.03643270277789
N0017,-35.7382763249978,-64.7784590268873,0.269311507817463
N0018,-34.8872393661119,-67.2747207755105,0.455441835557395
N0019,-32.7024368844006,-66.883057866517,0.781830358644154
N0020,-33.3125992083981,-68.6810190704563,0.815252898104763
N0021,-29.815453660635,-71.8451287100768,0.0176536010046049
N0022,-36.5246747992116,-67.7453646155286,0.675751786152051
N0023,-30.2241590360758,-69.3317861941791,2.16190562123955
N0024,-30.098505279328,-67.6508126321951,1.45550950339361
N0025,-36.9116903529557,-67.3190892282031,0.407647951387278
N0026,-35.2174543846946,-65.6522602730208,0.372500589244463
N0027,-37.1850159763754,-70.33231107324,1.31239418185273
N0028,-31.0499184021493,-72.223264510987,0.0134952640735796
N0029,-33.0500203509582,-68.8101160651586,0.895796050745791
N0030,-37.3448314358689,-67.3293829799767,0.374589648298077
N0031,-30.4003194296268,-71.5175234139047,0.185844243741189
N0032,-30.5307595322983,-67.5178840049626,0.943763696248324
N0033,-31.8560196043719,-68.9300824494241,2.36605973888007
N0034,-30.0193658588079,-67.2678182888626,1.57648166904665
N0035,-29.6177054167342,-66.6403126983625,0.364329166621987
N0036,-36.9631275548894,-64.8172776841173,0.329193050406895
N0037,-37.6653235107499,-71.9588140229968,0.515774198730695
N0038,-35.9412303216947,-69.9551219963725,2.18975600831963
N0039,-37.6587342466967,-65.6759123793691,0.250016787938602
N0040,-30.9182040040466,-67.3407070135887,1.1304824690392
N0041,-35.486045614996,-69.6418873595735,1.52769683253378
N0042,-36.1740383194173,-67.8261427099473,0.73467196565097
N0043,-35.2519677830636,-64.3014005031443,0.197075065346281
N0044,-32.8899791873013,-64.9059652517577,1.01744052686033
N0045,-36.228540624738,-70.7639748551249,2.17896290404587
N0046,-36.7247004245523,-71.9923208192421,0.242186318034113
N0047,-32.0382264306481,-65.4832162284214,0.436214083749521
N0048,-32.1806996408294,-66.3979302467303,0.536880936717442
N0049,-35.2143691777784,-68.5067907942491,1.37770193368507
N0050,-29.7893450111567,-69.3940765866517,3.45126647656523
N0051,-33.2124203353712,-70.9306869904654,0.658695299366962
N0052,-31.9331072154609,-69.7713776545932,2.29829011850941
N0053,-32.8559616733137,-69.9001767005772,3.48854527261956
N0054,-30.486936762271,-64.7262019533786,0.491673403507598
N0055,-36.8910807515453,-69.1947964057768,1.40483683159918
N0056,-37.0645302642903,-66.8741079715891,0.288723173422388
N0057,-31.791912061112,-69.5041244222802,1.98063539071786
N0058,-34.3433373649806,-68.8584320700534,1.73609173886253
N0059,-29.2434850944874,-70.8046168223511,1.29062801410471
N0060,-34.7659162218989,-67.0546191012276,0.435544490063337
N0061,-29.9401032621228,-64.6134006070501,0.231928093964627
N0062,-33.5392776641246,-66.9537305616093,0.580778077822583
N0063,-32.4156122738103,-64.4708067356473,0.661499214935302
N0064,-35.2790512534692,-71.6821072823285,0.43449932701847
N0065,-33.6781143821674,-69.0433000749644,0.944612667208056
N0066,-37.2407528185941,-68.6519434524476,0.898114183445578
N0067,-29.7865673682124,-69.624127417395,4.16947835815073
N0068,-36.6282866782175,-72.6553586245307,0.311968935492513
N0069,-31.6087801441126,-65.9026606648242,0.304863863520185
N0070,-37.4701810366335,-64.8517910824864,0.322668865563491
N0071,-36.3144637408734,-67.6637772339228,0.657689037030709
N0072,-30.5148845002125,-66.5337442189612,0.686749048267764
N0073,-36.1994445908346,-69.3505924529632,1.68153830681803
N0074,-34.1004087581301,-70.6341020083679,0.56692185623878
N0075,-33.6398788634408,-71.4222675707761,0.262086490876674
N0076,-31.0544451522429,-72.5097523554274,0.0115278875362657
N0077,-36.2408745723501,-70.8347259099291,1.83957345459232
N0078,-33.3539733245289,-68.0990197283211,0.617009479479184
N0079,-31.2914093263407,-64.4793766538517,0.771676018100867
N0080,-31.2557653807829,-67.8851549376665,2.99435935960808
N0081,-37.121125447108,-66.9048294799425,0.285067083211953
N0082,-33.5480875712112,-67.3477806765809,0.49984759747449
N0083,-34.4540435871827,-67.9125868118427,0.563824161856428
N0084,-30.9875406033767,-70.267784643717,3.4973555913085
N0085,-35.3758377440627,-69.78797874045,1.95437694715686
N0086,-31.1496519259408,-71.4408244296633,0.869787819161516
N0087,-35.8344357857175,-69.4141251394125,1.85004052089161
N0088,-33.2401553603542,-70.3763260282,2.8897898410754
N0089,-36.5985161068377,-66.5055334451634,0.322095757639736
N0090,-33.2542859707746,-71.1650198208471,0.584752860080811
N0091,-32.8703979775172,-72.7449492451013,0.0092701605210523
N0092,-31.9422284188877,-70.3558468113913,3.51018614555607
N0093,-31.8888549227216,-72.8310004631667,0.0113570791268648
N0094,-34.9110688800975,-67.0518414582833,0.43288091469748
N0095,-30.1701540928661,-68.0292669498964,1.29768540102821
N0096,-35.2639492981899,-66.6294034902609,0.386321313099514
N0097,-37.1468952840412,-69.0850260989671,0.792641973545352
N0098,-30.2306656353784,-68.9096342609309,1.83938091517189
N0099,-36.6156896627116,-71.2671038236316,1.19632766260201
N0100,-34.5797006317786,-67.786857778992,0.533718921390795
N0101,-32.2630518495864,-71.9326241144131,0.0154045751730905
N0102,-29.1582642643052,-71.9519001229908,0.0151163672994739
N0103,-34.1726156448352,-67.7136207225796,0.516697051209548
N0104,-30.5753165697098,-66.3267494329376,1.30402049557032
N0105,-31.4945705495749,-71.0776472963289,0.886171387687317
N0106,-34.0005036214835,-72.8858758811773,0.00877132492552369
N0107,-33.725090683077,-68.1907455599358,0.698263589772561
N0108,-37.5147569601493,-72.4761762020067,0.137266744161177
N0109,-37.4626010610548,-71.2922407598199,1.41201882715043
N0110,-29.3589257538593,-69.7230431240159,4.50261764431147
N0111,-35.5015179317452,-72.0356991450934,0.528308909626214
N0112,-33.9976305508509,-66.8465707941663,0.439537703472618
N0113,-37.0240294422601,-72.6202484356799,0.306562490400454
N0114,-36.793929145622,-66.2494096867505,0.296229172089771
N0115,-33.0834595040341,-72.4305210994233,0.00986751261044688
N0116,-36.2606363654885,-64.8314122832061,0.280438802789522
N0117,-34.4258328133849,-64.9674281917826,0.313444032569318
N0118,-32.8019679712606,-69.0377738631041,2.32317328552521
N0119,-37.486684980796,-68.0903282958969,0.578145040475122
N0120,-30.0832311665561,-72.275234200142,0.0120930456924379
N0121,-36.1556838934569,-68.0843194471599,0.913923952160876
N0122,-29.4572709087084,-67.1925067965372,1.33913826609423
N0123,-36.5287633284129,-70.4780734170126,2.29780781063519
N0124,-35.4043128071839,-68.4561497241054,1.52858241493323
N0125,-34.0702691388178,-65.8544894333717,0.565964481991851
N0126,-33.9470331998761,-64.8234489028917,0.350612199104586
N0127,-35.8081780697723,-64.3566575077626,0.22418237874781
N0128,-34.7853398472468,-68.327352704493,0.697507087877449
N0129,-31.8349935635622,-70.4116934701389,3.56334821661602
N0130,-37.4278706807307,-69.6523672091553,1.23444758927975
N0131,-33.4196915769576,-72.4259068829594,0.010464094068485
N0132,-35.7432899289035,-67.1640494501517,0.381284913889889
N0133,-37.3170109308404,-68.6690913382774,0.758986429119825
N0134,-32.3600430677925,-68.2576624912944,0.580147733632189
N0135,-29.2887775886752,-67.9769830970452,1.75077241462636
N0136,-37.4894912212107,-68.8722727651579,0.821751960122096
N0137,-35.1090095932637,-65.1836915537173,0.307408191387326
N0138,-36.067359230559,-66.9171984845853,0.348089232969293
N0139,-36.4784282363851,-66.3051237543137,0.338548827112566
N0140,-32.8178074657534,-66.0459560252474,1.73144976120121
N0141,-31.1159356284961,-67.8377794215166,1.74584499385051
N0142,-34.6791405479327,-66.7289700706624,0.410897024893406
N0143,-32.3834878995472,-70.9371874625968,1.22883309324519
N0144,-31.5232342134338,-69.5691753056223,1.9235155358683
N0145,-32.6820883445358,-72.5746152667676,0.00965331643865416
N0146,-31.1027802995419,-66.5749915106571,1.16560948780828
N0147,-33.1624576151662,-68.5308639574008,0.700955003358399
N0148,-32.7555426231844,-71.8297770104975,0.0171079282236201
N0149,-34.8410295182564,-70.3932214585567,3.37081680165022
N0150,-32.3754958656968,-67.3596719901355,0.516111308642592
N0151,-32.0180303492202,-66.6466503158895,0.398216100982084
N0152,-33.0673721354303,-65.5932860417726,0.911652710923351
N0153,-30.864998212161,-64.5747604347182,1.0924089944782
N0154,-32.214439309628,-70.124486516055,3.35114209399777
N0155,-30.7892982772036,-67.3681413626616,0.775720599350947
N0156,-34.348924468108,-65.0298698092484,0.332493542537623
N0157,-31.4938860043855,-70.8819146554833,1.47222311968961
N0158,-32.4364315806592,-65.081912155441,0.756836970825683
N0159,-31.6467663350267,-68.5143198582411,0.617824529447181
N0160,-37.2805615506044,-65.8798234682436,0.293802930107647
N0161,-31.0458571248436,-70.8908677621702,1.34456155194738
N0162,-29.4755741467586,-64.8141623219075,0.219030888834188
N0163,-30.7742027975033,-70.4144997105536,2.88980170662134
N0164,-29.6098151499917,-66.0781456358629,0.319699769889847
N0165,-34.9281489305329,-72.3375822200615,0.0179901321186906
N0166,-34.5761689663288,-65.5852067778284,0.412184406199662
N0167,-36.4296278886169,-64.9581354756179,0.334826877194848
N0168,-36.5279256760273,-72.5692853126066,0.138832432352094
N0169,-37.2704072860863,-68.5858545061601,0.917504105707164
N0170,-29.7639718585014,-67.308727464829,0.788099903346795
N0171,-32.6227481529688,-69.4987476973789,2.14129014984718
N0172,-32.6798770284187,-64.8139469818743,1.13430870800742
N0173,-32.1256907986597,-65.5729104902935,0.436092304508164
N0174,-37.5811055062716,-70.3805429596829,1.29167310730438
N0175,-29.9944323767416,-67.1736304677435,0.669789426960609
N0176,-34.0830106754708,-65.8267096600154,0.562552985775463
N0177,-35.6126599079523,-65.9956723974532,0.378383995534478
N0178,-30.213814865292,-69.22716258705,1.84067821275326
N0179,-31.0710761691309,-67.7532098135227,0.680529708855905
N0180,-37.3190832442693,-68.5504985016074,0.885386740966546
N0181,-37.4649452847265,-65.6362936737651,0.271343459118899
N0182,-37.696337585522,-66.5517160571421,0.316013750015176
N0183,-35.2919723963328,-68.2637176902796,0.918825618331883
N0184,-31.1002419206315,-66.0357505287676,0.418126388701071
N0185,-36.853988979456,-67.9671462680526,0.712949106060149
N0186,-30.3115048693547,-71.1609118288667,0.715641852963338
N0187,-32.6503479997396,-69.4718340857755,2.18523398552695
N0188,-35.7570753152748,-69.6471094274647,1.92988706468003
N0189,-32.1109907337516,-72.7616271648843,0.0105532059006925
N0190,-35.1884715232479,-64.7012923072098,0.261223221097032
N0191,-35.3333942042819,-67.3292721903088,0.428936394731406
N0192,-29.9837132591213,-67.2545184627895,0.83531813286758
N0193,-32.1545715445907,-68.2494593063134,0.566255914780797
N0194,-32.4725468698761,-69.9339554911638,3.65394273263739
N0195,-37.2443206103259,-66.8007630889773,0.278192675704847
N0196,-35.3982091434757,-69.0171974725636,1.4105162583217
N0197,-33.7667712618908,-69.313473356894,1.72134607217338
N0198,-32.3437821801024,-66.4864544792038,0.554633762458116
N0199,-34.3024101118568,-65.6281609712765,0.456026818993322
N0200,-32.0219745855415,-71.9619731083801,0.015219032750138
N0201,-36.972668569662,-71.0453549775041,2.35925645773793
N0202,-36.0265539802269,-70.1272861086891,2.35278573649154
N0203,-30.7621255983888,-71.0220988466042,0.466505600833404
N0204,-35.6763616602758,-65.6408258221768,0.341927281241613
N0205,-32.7385970821784,-68.6667054378273,0.641238294279641
N0206,-31.0161718532984,-66.4094490042466,0.984920708878759
N0207,-35.0647382902749,-72.1177909370595,0.33913412368847
N0208,-35.7171042973255,-69.6356730944178,2.44360436091105
N0209,-29.5525804146438,-69.9418191227325,4.70890611751106
N0210,-36.8971445125514,-66.5425130900194,0.295669570249759
N0211,-29.6911708204035,-69.2662864294678,3.25406865339161
N0212,-31.2914299184417,-69.5532258904787,1.92971126568445
N0213,-35.0689371245769,-69.3943073967911,1.43840203703164
N0214,-31.2941405669759,-71.4368746428457,0.947755527721654
N0215,-31.028051905673,-68.770620836071,1.65655641410976
N0216,-29.2446993156079,-65.982829762475,0.323356186626074
N0217,-34.6396525793428,-71.3264984148678,0.202585842121914
N0218,-30.2286237375478,-72.3880392267779,0.0118475797565781
N0219,-33.8027182100819,-67.9564271504322,0.595325420356212
N0220,-30.3923928644007,-69.2324726979865,1.92699219333488
N0221,-35.0730976460376,-66.3317210476993,0.412312011912398
N0222,-31.0953584089854,-68.0776151724987,0.873618818027051
N0223,-29.6845912356789,-68.4887601392291,1.01563580137031
N0224,-36.4524591822887,-69.7489803248313,1.61143687041974
N0225,-36.0963690595684,-70.8081090856847,2.50103160167192
N0226,-30.83387406456,-72.4605909891243,0.0116879589454144
N0227,-31.2310164587251,-64.9794614955222,1.15961591853741
N0228,-36.1708022879766,-67.2063821401943,0.342286111492792
N0229,-33.6539250590624,-65.9733280897482,0.742138429503642
N0230,-37.5583489841122,-69.4678182015977,0.787684630810896
N0231,-33.6279582796283,-72.3394870174301,0.012169012080343
N0232,-37.1127739165038,-72.0679762461074,0.249757558164397
N0233,-33.3220061222194,-64.5333420908234,0.489178764468286
N0234,-34.2697964249038,-71.8382398754071,0.342368531960392
N0235,-35.7891671995116,-71.4290650705477,0.228505887949421
N0236,-29.7329548843358,-69.6961532642116,4.63788253412169
N0237,-33.4494262583318,-67.1646718145649,0.485943527306232
N0238,-33.9694154439817,-71.4594497727041,0.282670163204567
N0239,-32.0709280204824,-71.313814745943,0.539470529892228
N0240,-33.7686346547998,-66.0801769853477,0.710370979210585
N0241,-35.4418482145024,-69.6451602421446,1.56601486581603
N0242,-29.2405055832772,-68.3199428199883,1.33569723526526
N0243,-31.836746771511,-64.8841083264836,2.18424551222948
N0244,-37.2518133037499,-69.1601910838206,0.862499392316694
N0245,-37.6556961268912,-71.1222415973536,1.85511087206559
N0246,-32.6341141677155,-67.3293901203337,0.502903056566034
N0247,-32.89807816632,-69.024574662803,1.76466032492033
N0248,-29.5045144183582,-70.8336106286075,1.30378164705811
N0249,-31.7189471311955,-67.127382162878,0.492763509495064
N0250,-37.2556090502793,-64.6512491448555,0.305062996319804
N0251,-36.7189637143253,-72.7142193068816,0.291991578745725
N0252,-36.4598131253197,-72.7673039890208,0.276984364785947
N0253,-34.9751542013489,-69.2377208003484,1.43880873033618
N0254,-32.9111647307925,-72.1663446441602,0.0123608538212886
N0255,-33.5100460515404,-72.8113525152725,0.00851042751810575
N0256,-37.6354541197119,-70.4401103131194,2.05238295615316
N0257,-34.7046934349484,-70.9781719987645,0.385617443668718
N0258,-36.5259699870953,-72.0827980374837,0.155441286027196
N0259,-36.9989814341529,-68.2928310965155,0.842052082038654
N0260,-34.1312294745963,-67.9378977957358,0.57705513092088
N0261,-29.7815287870735,-64.6096053410832,0.220695662435784
N0262,-36.6825437485159,-72.766925602158,0.255915450002459
N0263,-32.6949509028322,-70.5035647640021,2.12827674698524
N0264,-30.6980750978915,-72.5248515955288,0.011538442604406
N0265,-31.5601573962067,-71.2358048153742,0.584831509666364
N0266,-33.6405026415086,-64.4435458576044,0.327777134739867
N0267,-36.5582056956637,-68.6173855099442,1.17403896049868
N0268,-31.8612132710224,-70.8276289076207,0.800604375346288
N0269,-35.6853471168249,-64.5732015942564,0.234614674451619
N0270,-35.8447886186395,-70.6990259711626,1.24489350161942
N0271,-34.4729435956911,-64.5854686595898,0.249734412315985
N0272,-29.5501450322802,-64.3443436116187,0.16275900523187
N0273,-35.9867874776417,-70.2940038545961,2.76781898193179
N0274,-35.1246966853853,-70.0199061675556,3.42491110491174
N0275,-34.9986046757077,-65.5217163808745,0.355889149061365
N0276,-36.3346291944546,-71.5261160346801,0.552269933596038
N0277,-35.4961526882817,-68.8177112545435,1.79019360864228
N0278,-37.3697203577821,-71.6093583732421,1.39028254623992
N0279,-29.9316755583657,-71.7928875231617,0.0189049547828363
N0280,-33.9723530861886,-72.5715894373467,0.0107494262580889
N0281,-32.4396457024569,-68.4863131352637,0.590120243384752
N0282,-34.5061872479535,-70.3742412361662,3.55065016766604
N0283,-33.0708498737639,-72.6919082621075,0.00915073174131243
N0284,-36.3819046174557,-65.5873079250042,0.342475900436005
N0285,-33.0169587277421,-65.1983410794746,0.96505522639024
N0286,-30.2974509206589,-71.9257798398965,0.0172673598219758
N0287,-34.948042477876,-71.5322035034337,0.427343657495546
N0288,-35.9649542000447,-64.6960601274837,0.220495736662127
N0289,-37.559460308803,-71.8382001368973,0.571874187936342
N0290,-30.6801381245163,-70.5009470482361,3.1817624555586
N0291,-29.2788680786169,-68.778168930336,2.02487419326057
N0292,-31.4262469198211,-65.5384410153322,0.339843849395709
N0293,-37.4011756209196,-70.2143866068285,1.00333326329922
N0294,-31.4473931693227,-67.2404944411202,0.509073153471959
N0295,-33.7476651521622,-68.3518548977803,0.863597961696077
N0296,-34.795953349255,-71.9924595936632,0.15440800676151
N0297,-33.1008485080678,-71.3731991812928,0.195452140029098
N0298,-32.1593802687057,-65.4866304604274,0.452244101189404
N0299,-32.5792814116363,-67.275903796114,0.503694908837799
N0300,-33.7734937378548,-71.3948792155343,0.093092132044223
N0301,-36.4120992371403,-69.0373887603811,2.32627658723325
N0302,-30.9029474398135,-69.3002635962331,2.57456913486137
N0303,-29.1242654602156,-72.5088493545581,0.0129082617479017
N0304,-30.4780735568041,-72.063949184848,0.0152958232265786
N0305,-35.3527570544988,-72.1736602302984,0.334482456344006
N0306,-36.5498980644391,-66.1934754214685,0.328248470340157
N0307,-35.0127493986454,-71.5714060379525,0.657159305785267
N0308,-37.1927213587299,-71.7614767721209,1.03565138042373
N0309,-30.9600662154425,-68.4677462326213,0.895863264495135
N0310,-35.4730656152466,-70.9564632669354,1.41829393827638
N0311,-35.1445150927848,-68.6414101763356,1.35157141708976
N0312,-34.339642772842,-72.7651038299618,0.0104535723408263
N0313,-32.9023877302196,-66.4049913269957,0.738430006220427
N0314,-32.7249313318287,-71.6748432965832,0.0195157324845578
N0315,-33.272823234728,-69.9783237396173,4.03575414761568
N0316,-34.6167787158474,-69.783556512689,3.45386309701066
N0317,-31.9647063990425,-67.3852589089821,0.539831686097964
N0318,-36.5888478110958,-68.3414793182358,0.941217622597406
N0319,-31.7752214905225,-70.225983323588,4.01030608642162
N0320,-30.3141755551166,-64.3923262663616,0.596313614063224
N0321,-33.6363130500244,-67.4834439844747,0.513266550036608
N0322,-34.3877373866214,-69.6740049218638,3.10804988895699
N0323,-34.3019568333411,-68.1024779277865,0.654005581987882
N0324,-30.8797101950178,-69.6294424701154,1.86023866158958
N0325,-36.6804778225629,-68.4979034965848,0.992939116052237
N0326,-37.0265642449849,-72.211535179015,0.176901129815602
N0327,-34.3028381808674,-70.9170304709193,0.368286461159535
N0328,-30.1503641227495,-67.2706890608048,1.46681902767883
N0329,-37.1977459875391,-66.2378436098517,0.275414073516701
N0330,-30.2978758660135,-70.81927413322,1.62456987035544
N0331,-33.6839180227294,-66.9032302602209,0.504180014156283
N0332,-32.69112595012,-64.8744333148815,1.59425645845597
N0333,-31.456881514451,-66.2663415517501,0.506336689109676
N0334,-36.728769022426,-67.1274904896633,0.302672123108985
N0335,-37.4825582268567,-68.3512420404941,0.606076120200663
N0336,-33.8862552815984,-68.8340828918545,1.30086802484716
N0337,-32.0535706775047,-70.580739348885,1.66487979839531
N0338,-31.2201502169111,-67.1610711083101,0.497819762194895
N0339,-36.7536727897142,-72.7656378509783,0.170946791864306
N0340,-32.3631469966206,-72.8999098024331,0.0110695682796339
N0341,-29.4252811319778,-71.1954888617133,0.367564485420415
N0342,-37.4943654740203,-72.8749197381432,0.488241174672412
N0343,-35.4517594946324,-70.5052435368324,2.39080963254691
N0344,-29.3807183318216,-69.1476759281231,3.23279427246109
N0345,-31.1348947862326,-68.8181587502911,1.90153992039282
N0346,-33.6437333306967,-65.0373778806708,0.484474680251991
N0347,-33.8281074575745,-67.5949014218966,0.512171772823402
N0348,-33.2084082436321,-66.2330827898034,1.07277984938995
N0349,-37.2923180343548,-69.0133040717399,0.814477473897699
N0350,-32.1171234074128,-67.535615281591,0.532914228683871
N0351,-33.8737089053605,-71.8522197053545,0.0207324631970853
N0352,-34.6468842432587,-67.8292357820688,0.543987250065571
N0353,-37.1116482149864,-67.6924813531304,0.537419590349733
N0354,-34.0579645015104,-71.8220988319824,0.239786256058612
N0355,-33.5968802540083,-71.0892930144394,0.313554113907708
N0356,-33.0170162710906,-72.5321081365608,0.00955174929001543
N0357,-36.3746966132311,-65.4979660635805,0.32784803349552
N0358,-35.2939930012422,-70.5884291610161,3.37410068392191
N0359,-31.9088647862006,-67.9162062119768,0.674053495543245
N0360,-31.9226738202491,-69.0516379776186,2.70636249108019
N0361,-30.7856232199285,-67.0810930943029,0.635093332797037
N0362,-29.8925957034308,-68.1643994765656,1.1179095198661
N0363,-37.2075087097974,-68.3488774009277,0.816980214965501
N0364,-37.50597543428,-72.5586692556081,0.104112498133547
N0365,-31.2723311052529,-64.4870674271076,0.80229616635234
N0366,-32.3687530739553,-67.2403687179742,0.518228756104462
N0367,-34.5485144435654,-64.3275317150296,0.209887831826623
N0368,-32.9262008970725,-65.6730614266233,1.09208789443498
N0369,-30.4486046184546,-69.1651296919515,2.11795473282826
N0370,-29.6632715231568,-67.259278141502,0.752944224745497
N0371,-30.347279035322,-65.6586194998392,0.230868284095969
N0372,-29.4507956741149,-68.1456017717932,1.29917128560642
N0373,-29.7011424792004,-69.2116251941359,3.11727282255605
N0374,-31.1626812674397,-67.8301413939941,1.51537627408627
N0375,-34.8009084206544,-70.719979082616,1.07991930688974
N0376,-36.8242180036028,-68.876111822378,1.11005135312802
N0377,-30.9906302514908,-71.1654854297943,0.818270842261638
N0378,-30.6499920616625,-66.2926158110577,0.665501047558701
N0379,-35.8596240019238,-65.9824847666931,0.370087604650078
N0380,-33.1217270722714,-68.2627708140587,0.655252575458604
N0381,-32.6865059188504,-69.5992952459023,3.89352227930556
N0382,-34.4497677267295,-68.6098128269007,1.05877638450437
N0383,-32.6205399404841,-65.2766475531164,0.721372271793676
N0384,-31.8835936929954,-71.5471648982014,0.0223367813216197
N0385,-35.0717651665079,-69.1209315746189,1.36600729136302
N0386,-34.0398245425615,-70.8437350942491,1.10610509304973
N0387,-32.15293468882,-72.7633956787472,0.01048920021087
N0388,-32.6043589422965,-64.6270037200893,0.849698290273877
N0389,-31.530297420188,-69.8469939316376,4.01205575655721
N0390,-32.3632569973652,-67.4958835156615,0.524255382171768
N0391,-31.086196133488,-69.1758340402859,2.94898831108076
N0392,-31.6577608349536,-68.6523520226368,0.902375903886519
N0393,-30.1628494235048,-71.5926412515774,0.0233454683570807
N0394,-30.1497384664834,-71.4830290137711,0.0253973283611146
N0395,-36.1775396533671,-66.1335850860149,0.355395114175068
N0396,-32.3134374246995,-72.5661198517616,0.0100502950442562
N0397,-29.9434026196801,-69.5005007090981,4.10368027777833
N0398,-37.0727722226515,-68.8479837894198,1.86522609117362
N0399,-33.7088517731097,-68.9409828472142,1.02124987069052
N0400,-29.425061831309,-72.5244949260841,0.0123431634158987
N0401,-31.2280315011405,-67.7155163692383,0.687010583335537
N0402,-35.2583762274861,-65.1799768460356,0.30440964538655
N0403,-30.5801545400546,-65.4804829093537,0.250654774094528
N0404,-30.6231771335579,-66.3272345727436,0.81099058264325
N0405,-32.4611264874978,-65.5229883415732,0.937608385424582
N0406,-37.2623183908697,-65.5126300702862,0.355991563789279
N0407,-36.1192277693279,-65.1258435566099,0.303966713189495
N0408,-31.0765746805708,-71.6106718785645,0.397783771897244
N0409,-31.8415344109487,-65.2974157040927,0.482362235015323
N0410,-32.3469634033958,-69.1278986889068,2.91451376442655
N0411,-37.626909086633,-68.5005646792243,0.609734483578742
N0412,-29.2696252448343,-68.4381800804931,2.24527429316433
N0413,-30.7074941499194,-69.5737046907999,3.37089047896919
N0414,-34.800332474569,-70.7524339797219,1.02142137773169
N0415,-29.5906234560956,-71.8563751528768,0.0171248653441022
N0416,-33.4181519469796,-70.6893145729738,0.546384942998969
N0417,-34.3219321003286,-67.9387620712811,0.579281855072285
N0418,-30.1678520145211,-71.4706797642497,0.0256294030236772
N0419,-36.4174578127998,-65.9777839889181,0.315394286102561
N0420,-31.9721974825823,-72.7823665141512,0.0108787883824235
N0421,-34.8694641180194,-71.9225038937398,0.0820800055776406
N0422,-32.9219025262733,-70.154551311794,3.90419553451042
N0423,-31.3712666951452,-66.3008073544134,0.577569583147949
N0424,-30.3468920824336,-64.3175590630702,0.695105851569838
N0425,-32.3239260285273,-64.962100344087,1.54502436288692
N0426,-30.9064493784711,-67.911436069017,0.687268288093338
N0427,-30.4940194438184,-68.3971631424023,0.859025748055629
N0428,-37.3975858394511,-70.8274668219162,1.5499224421978
N0429,-32.345891124404,-66.3201961469931,0.641561891973704
N0430,-36.9724826961162,-69.1064498492547,1.15965435206563
N0431,-33.1801504347847,-67.970743153836,0.60963219134103
N0432,-30.636611116648,-68.704751334621,1.21321050632644
N0433,-34.6048363945935,-66.0730038178959,0.480128497170863
N0434,-33.6906979699576,-67.6804656980468,0.532982623746901
N0435,-37.4579915420888,-67.7058949163211,0.460163846986096
N0436,-37.6932140657647,-65.3637504220306,0.272287904376138
N0437,-35.8252182215104,-67.6645968892447,0.580488358140024
N0438,-36.7584345708873,-65.2044051928932,0.37256414637817
N0439,-29.478662152951,-67.2150739330403,0.854709625942832
N0440,-30.9669133853479,-72.506686795506,0.0117033867796606
N0441,-33.1268126083663,-69.9827734114988,3.20357197572431
N0442,-32.3285079511947,-72.7285231120086,0.010153662199342
N0443,-34.8499257744057,-65.0067158779626,0.288997260482409
N0444,-34.0952951291554,-65.4247689579263,0.451652917427418
N0445,-33.04117623183,-67.4403851926049,0.504063370418711
N0446,-33.0247886398457,-69.5972616658068,4.60972093594633
N0447,-31.5053012928019,-70.9657476333276,1.33817427760128
N0448,-33.5022160793665,-66.3987209641834,0.578355059511521
N0449,-35.1858927770918,-72.3171511916524,0.0291793527283456
N0450,-29.4497149172005,-64.7982628772493,0.222838694224038
N0451,-35.1101093844558,-70.7664263843868,1.45574975878901
N0452,-29.3595675209815,-72.7180311122062,0.0133442172195108
N0453,-29.7688862783224,-65.0426989564405,0.207127638036454
N0454,-34.5862178475066,-70.9294225545737,0.394492432346071
N0455,-34.1387285715149,-71.6931806465579,0.354856448970205
N0456,-35.2488046689652,-64.6308171913637,0.249898178885802
N0457,-29.2532827616452,-72.5657959006102,0.0128714454732682
N0458,-29.8796372408884,-71.2973770232859,0.0281446233939926
N0459,-29.5422352026413,-66.0080880046394,0.353674400815482
N0460,-36.3548255602153,-69.0981205166309,2.53100825210718
N0461,-34.4777086887405,-67.7659290120313,0.534253028566728
N0462,-37.1392894662168,-69.5176063494839,0.835921518317164
N0463,-37.1811062764754,-67.5959523999579,0.505467646354683
N0464,-36.3584491292287,-64.3594705881828,0.190526870736159
N0465,-36.6623808098782,-69.8597136067039,1.82066216445157
N0466,-32.5185124158014,-65.2615109612986,0.686540877839767
N0467,-31.6653590158398,-65.6686505080986,0.32304012043571
N0468,-31.2965774110503,-70.4603862239795,3.22869976898525
N0469,-34.5232058905173,-67.7104768389885,0.525885479810839
N0470,-36.8596368336862,-69.3072268179652,1.4086308826826
N0471,-32.920498030456,-71.2658725745817,0.122886423934179
N0472,-33.7860403864114,-69.4479955852721,4.67942077553106
N0473,-34.6915805236397,-67.893971448482,0.55223238039746
N0474,-34.2439789041616,-67.0395053921917,0.437883218228651
N0475,-34.9861103924392,-70.3048390560806,3.55017841905837
N0476,-30.7564857615421,-68.6778047724524,1.01817339356145
N0477,-29.862325631437,-68.4515944005696,1.17500848646881
N0478,-32.8205541885088,-66.8441803724245,0.698350073049871
N0479,-36.12713691817,-67.9419611714976,0.805970106761135
N0480,-29.4369248357308,-70.2729338783645,2.75046252172164
N0481,-31.1842498272118,-69.7267472593238,3.50251107526773
N0482,-36.7670417446955,-72.379014964811,0.100443183735083
N0483,-33.0746682307565,-69.4872937076666,4.6869848219284
N0484,-35.4654581755239,-71.6846322535466,0.12513537087958
N0485,-35.1692184895599,-67.5192510169089,0.457543546080934
N0486,-30.6741711327686,-69.9317583636529,4.29363009208953
N0487,-31.6484511709532,-66.5475987422502,0.4508273022869
N0488,-30.0776224861749,-71.3118361141588,0.433370059418381
N0489,-36.4798886256199,-67.1912938809448,0.347510368520305
N0490,-37.3260258258442,-68.7871348279934,0.731126116695464
N0491,-35.8519734957963,-68.818943737037,1.8613271071682
N0492,-31.8733601957436,-65.8575417537976,0.357214787198585
N0493,-33.0032278451618,-71.9407076433491,0.0158831899947675
N0494,-29.2991853298616,-71.3137646152702,0.0802242390646357
N0495,-35.3480963195898,-72.5523970386257,0.0181514656890698
N0496,-36.8332493058095,-66.0812447190198,0.297845130964075
N0497,-32.1735520032577,-66.0867029553217,0.510865187397
N0498,-32.0229769907533,-71.2937507711322,0.694489550718062
N0499,-36.9988308298862,-69.5070254216003,1.17167164885326
N0500,-30.2733273545156,-64.7042868159731,0.284029199285004
N0501,-34.9285132729581,-70.659346650615,1.95703724250687
N0502,-34.3702869026318,-66.9668593755303,0.426403111984475
N0503,-33.530667923312,-68.9247273978892,0.933096952964084
N0504,-30.9293536014992,-71.4147268891869,0.414455251531503
N0505,-32.2739719143947,-69.60871807435,4.17398434962749
N0506,-32.8642917468046,-68.4358430372252,0.647803398988857
N0507,-33.1159353456534,-68.7497900077374,0.846775825769431
N0508,-36.9209603825682,-70.4653060901749,2.10852208148335
N0509,-31.7533870635803,-70.409499990898,3.68767104878596
N0510,-33.2757871196493,-69.2339605874075,1.5084533385823
N0511,-34.088108377805,-72.2516935602537,0.0154592361662063
N0512,-30.2365359339568,-70.7168214509342,2.41095545902771
N0513,-33.1860017110994,-72.6929264137489,0.00892525679527575
N0514,-31.6582063603952,-65.0617482156315,1.03442255406215
N0515,-37.0246217514969,-66.8838717150427,0.290541076142366
N0516,-36.8130052842726,-66.4728632040195,0.306504119471745
N0517,-30.8179665264292,-72.121739009871,0.0148424213970389
N0518,-36.3586215550353,-64.6926268451813,0.269844835010704
N0519,-36.9486568344052,-64.4065008202132,0.165405956341651
N0520,-34.8268738304856,-72.1785004472726,0.0190932126250883
N0521,-34.9113540418499,-65.9844584406747,0.434802943551519
N0522,-32.9397927008755,-65.2393782452398,0.891700667707008
N0523,-33.5881052918211,-67.8974062685843,0.566293728553238
N0524,-35.4653093733663,-71.5237619955203,0.182706419818744
N0525,-31.6657425727536,-69.6576709005785,2.40733410182453
N0526,-33.4403637075519,-66.0893308389882,0.931743305162052
N0527,-30.1312383019511,-69.1393667671082,1.61207231927421
N0528,-33.1161784381681,-70.7768197127044,0.602463182792639
N0529,-34.3228107166583,-71.7534654516976,0.246691203205746
N0530,-36.2808576644309,-68.9377415095632,1.71433354952709
N0531,-31.1665210374941,-65.3676053858677,1.01759926623779
N0532,-36.89010513769,-64.8901001993521,0.255759238225819
N0533,-35.2957127900774,-65.8914285427851,0.384059976109886
N0534,-31.5178765107961,-69.0941963357824,2.03734391447628
N0535,-34.8911684527021,-71.7283335373869,0.435512749404876
N0536,-36.0166492557696,-66.8468862433671,0.348015120561893
N0537,-29.4826261604124,-69.1972866723767,3.12792608305924
N0538,-36.8226065455576,-67.6036499371304,0.554908878164535
N0539,-33.2119008593782,-64.497157688717,0.488880482836024
N0540,-31.0287161591131,-64.7885954425151,1.10824311148988
N0541,-31.1276170403825,-68.2344443648748,0.680371596462582
N0542,-35.8960056428779,-66.8669508509184,0.360503832319121
N0543,-35.9435080074908,-70.2236744452844,2.0106826254731
N0544,-30.2416249020685,-69.778599759321,4.52200945427974
N0545,-32.9055605717029,-65.0818018423309,0.996368103237421
N0546,-32.869816128523,-64.6951913827077,0.69148036730012
N0547,-30.6256431557823,-65.3891323209224,0.300460437095461
N0548,-34.9119794097785,-69.0437486559822,1.4482068473917
N0549,-31.5943533029847,-67.5496925015234,0.589071689437091
N0550,-32.4436654551624,-67.196676749036,0.537399241001785
N0551,-30.2795297577882,-65.8711130375839,0.258450972943144
N0552,-30.5325935428183,-68.0374090353667,0.734531410022145
N0553,-36.1410216448088,-66.0934774641849,0.358048592859314
N0554,-30.5067046785758,-69.0339516295744,2.91282776684892
N0555,-34.8167602215506,-65.0125285010378,0.287801750531485
N0556,-31.4649188533262,-69.3256530279413,2.48331204563965
N0557,-34.6247492925845,-70.9922622219158,0.38036404860121
N0558,-31.7101244691806,-71.0320766726193,0.814899515337198
N0559,-31.9715997429898,-69.5231542867716,2.45967940059405
N0560,-31.4465921918613,-64.572038344793,0.829857250108078
N0561,-29.5498036407166,-69.8392767514751,4.85935747025034
N0562,-30.0886357640795,-69.3093666103712,2.15528434801376
N0563,-32.7585174088639,-70.821457873062,0.569480852242666
N0564,-30.1212430875847,-72.19349383949,0.0130486409564491
N0565,-36.7853072625982,-67.2788578895754,0.399810450503847
N0566,-29.9092966341457,-65.1622083578549,0.204319456020548
N0567,-34.5534922335546,-71.9320394100771,0.143145512684249
N0568,-37.009065684727,-64.7565040027986,0.315001229814597
N0569,-31.6018508220566,-67.3585966075112,0.617157551730135
N0570,-33.2259292061096,-69.3500305433059,2.19400425814498
N0571,-33.6169697667085,-69.3076732724941,1.39858487807763
N0572,-37.4618395377704,-67.3930320706652,0.440645757911803
N0573,-36.1168829890047,-71.6441631005817,0.251614278623517
N0574,-32.5704420901232,-67.7333809338666,0.543284172678225
N0575,-36.1790078517418,-71.9799027371592,0.174327561654692
N0576,-30.9721489129924,-70.1711990162131,4.17052437854738
N0577,-30.0031003096621,-67.3716271103693,1.27184500042281
N0578,-31.5468731083194,-68.5402530063131,0.668296176183435
N0579,-29.6824772735045,-69.3232269324471,3.5498195718802
N0580,-29.1788916265028,-64.8195637717469,0.222897120675517
N0581,-29.8722343766001,-66.4132108390858,0.338252202551972
N0582,-34.7486443669762,-67.0379023319752,0.43819820418527
N0583,-37.6032318668921,-65.8027104954714,0.252507656782857
N0584,-37.2721607943867,-70.7927098825074,1.2640898932002
N0585,-36.4831965371888,-66.4536204663821,0.333989975696985
N0586,-33.3302258505627,-72.7130031354786,0.00870287620993676
N0587,-30.1972250806621,-70.1965616485554,3.79922232785486
N0588,-33.4550685780845,-68.3421303682225,0.778014768307735
N0589,-34.8774372137047,-70.7956036934143,1.58561464415569
N0590,-35.6924836213665,-69.2143543082822,1.36725428919202
N0591,-32.1510157829388,-70.4878621537182,3.23066981516157
N0592,-29.9144859877482,-64.305404525439,0.447829341051582
N0593,-30.206708976583,-67.8380976179326,1.46620476029385
N0594,-37.6591080481927,-66.6818651231853,0.330394634850542
N0595,-34.2851663017576,-67.9688126784139,0.592628582525648
N0596,-37.5740267292941,-70.3786238896095,1.34159648238643
N0597,-32.0797049810084,-67.9063654343627,0.554625493468364
N0598,-33.3777961667058,-66.7037589276227,0.502766038886027
N0599,-37.0590289055179,-69.9239372057952,1.40590241513879
N0600,-32.2898002037731,-69.8141724935333,2.75623762939385
N0601,-36.872002306195,-69.8777322076157,1.4779000133784
N0602,-33.7501843966777,-69.2253873853597,1.18395809512091
N0603,-32.5496768865966,-66.3591457775138,0.645485442323884
N0604,-33.873973935551,-67.9065386611068,0.585207474307638
N0605,-36.4165585322848,-71.3047427400969,1.34498924902882
N0606,-36.1628157926085,-66.9868735800902,0.343434356857594
N0607,-36.1307433110805,-68.0645373182206,0.888732846059883
N0608,-35.168547988808,-67.4843722228819,0.455133518686089
N0609,-30.3987248513376,-69.9432398415372,4.38664206256166
N0610,-30.7311933553923,-69.2651342489594,2.45474352093193
N0611,-30.6436024472786,-70.0902956712015,3.77152139860614
N0612,-30.4075435807498,-68.014383858775,0.759880419459123
N0613,-31.379593737088,-71.0516019609531,1.8852329175194
N0614,-34.5332981544702,-70.3908596462993,2.47328442387416
N0615,-30.7187654818496,-66.2513096504618,0.603598806254364
N0616,-33.7831014627046,-64.4535000079095,0.299925902034824
N0617,-32.4058034896412,-65.3783111278332,0.756871356370013
N0618,-34.8423520020872,-70.3732835753231,3.7027526565568
N0619,-30.6376777570404,-68.7890986023886,1.45575404768674
N0620,-34.2557276388424,-71.9475631990692,0.272747743059942
N0621,-36.4641236823816,-69.252569387086,2.81463395598197
N0622,-32.7653065909004,-71.0804235616608,0.985547790285661
N0623,-34.3059968858054,-70.0871531492039,3.65799135468686
N0624,-36.747880578529,-72.1151676627878,0.177803529799787
N0625,-35.2378174455547,-65.3934239438239,0.359129424331078
N0626,-30.2050340762851,-66.6157890639807,0.439631018838238
N0627,-33.0927438504029,-71.1246659548137,0.891395321886754
N0628,-33.0705700462547,-66.2817066349935,0.956547361311662
N0629,-33.3701886268659,-65.2358005379028,0.754674279875745
N0630,-31.7457936482717,-69.5980749256434,1.93147142380493
N0631,-34.3258476230436,-71.5831142892517,0.402649762384407
N0632,-31.0877731792572,-69.665248881823,2.38862867467936
N0633,-31.4216412773922,-71.209315784699,0.971379673930326
N0634,-37.081070090449,-70.2524321832473,1.83500196212441
N0635,-35.7221853161334,-72.895264413485,0.0176900849219706
N0636,-30.7466944658415,-69.709626248949,2.78785253822451
N0637,-29.5875122026948,-66.8836301563232,0.471992291489545
N0638,-35.3010105665778,-69.4910330601926,1.43403167697614
N0639,-31.224989080301,-67.427120019089,1.9624039935662
N0640,-36.2083869729696,-69.392440587884,1.80277089404269
N0641,-36.8037213824241,-70.5181304916824,2.49216837708507
N0642,-37.6530422007446,-64.8253415380257,0.384382963577186
N0643,-29.9462755741767,-66.6673123987239,0.383633138610544
N0644,-33.8607561575066,-69.3811375348275,1.8645368087936
N0645,-34.8077410815785,-68.0606453670937,0.594759801530688
N0646,-30.9030949484571,-64.9018772191377,0.865746922150259
N0647,-30.9433049541168,-72.757652713199,0.0118236992990942
N0648,-31.5217155760255,-64.38100939313,0.602425096661141
N0649,-32.0647962078288,-71.2000577090774,0.78290561283486
N0650,-33.5587822842685,-71.1966811011064,0.186827603004357
N0651,-35.506083058755,-65.9954483952818,0.378721063822717
N0652,-30.2929823466544,-70.4425530320697,3.39635587399876
N0653,-37.1467294779824,-68.5954078273361,0.936593288479533
N0654,-30.9282768612859,-65.7091136940797,0.272492767216398
N0655,-29.7236553882359,-71.6795369860621,0.0206506413851546
N0656,-37.5567175546925,-65.4430686077769,0.254634227579141
N0657,-31.5274135649332,-70.4533530603877,3.2765987542071
N0658,-35.2943535432193,-71.9077171313612,0.313564292549273
N0659,-36.430072088507,-65.7624316412315,0.344810392967249
N0660,-33.6189733076463,-72.8543288786683,0.00855534862196718
N0661,-31.2485596271924,-67.1999325556215,0.519165332381959
N0662,-29.3446911016687,-67.1615399490397,2.23016658075013
N0663,-35.8921694650278,-65.3448172467038,0.33951502708039
N0664,-32.6663212948322,-64.9298594894958,1.6811289734214
N0665,-29.2619145802976,-70.4200011734478,3.55322870947278
N0666,-31.3262368523638,-68.1249313712236,0.990420321228762
N0667,-36.3683377348205,-64.5117058718632,0.23387464247435
N0668,-36.3863575291291,-70.3082729871423,2.2179497185824
N0669,-34.125148145028,-66.7104891686749,0.445092771000278
N0670,-30.1786120600433,-69.4508677468406,2.694785874275
N0671,-29.639035537438,-67.6516424634269,2.82408512429162
N0672,-33.5574821465916,-71.2282040955165,0.174680161331418
N0673,-33.0039278124012,-64.9600263406802,1.12466940831171
N0674,-35.8744636542045,-68.5899518937291,1.88691743925152
N0675,-31.3632991699797,-67.7139984446643,0.620032768548611
N0676,-30.4509373046229,-65.8023645665973,0.259157130265739
N0677,-31.4810844014311,-68.8044534056003,1.03878454913969
N0678,-33.8481214739141,-67.8061505031335,0.551999577432153
N0679,-30.550757293613,-71.2314423976147,0.351582329516789
N0680,-37.0503835670419,-71.3019122312786,1.50312431894505
N0681,-29.8290865325039,-65.4984173717901,0.222527663494588
N0682,-30.3471991137821,-67.4036542147881,0.998270138464438
N0683,-34.2533001336983,-68.9317861834689,1.51246609584098
N0684,-31.5747308729564,-66.51570769307,0.499246216827514
N0685,-36.5669955312586,-64.486080556077,0.233618335784442
N0686,-31.6825689863332,-69.2195829198321,3.14156093523905
N0687,-29.4838195811882,-72.2681055608057,0.012507904041623
N0688,-37.1152933412303,-71.6969171637655,0.935226115457463
N0689,-36.1424504090298,-66.2164870061523,0.355369635552887
N0690,-36.6576121366385,-70.4321431243476,3.956753197236
N0691,-31.9703535924993,-72.1763694011031,0.0126837893074615
N0692,-36.0665603195161,-69.6479161356333,1.70210871107285
N0693,-33.8690638688249,-65.0238722857665,0.403294324064215
N0694,-30.5438469697926,-67.0638843292202,0.705917654480411
N0695,-33.1635843979491,-68.0802070259956,0.623054674301826
N0696,-33.6575156935293,-70.9937057474133,0.320290174315348
N0697,-32.160105601633,-66.9766998287648,0.606085768145723
N0698,-33.5217812143368,-72.2406181656479,0.0132290932585479
N0699,-31.2044433496448,-65.6538279318036,0.261739536250273
N0700,-30.8749039618182,-72.1721416289323,0.014275501007888
N0701,-35.8852954677238,-68.8587559611345,1.77221051630953
N0702,-34.5229563624705,-66.3772186139027,0.675671265232127
N0703,-29.9314294583311,-69.3313543847908,2.50581140208197
N0704,-30.2185449854092,-67.3129788406254,0.97005283399425
N0705,-34.18916006437,-70.2512043101486,3.19243729493586
N0706,-34.1637000941037,-72.4342702874608,0.0131790508845404
N0707,-37.0738302609761,-66.1182404426943,0.277374416928838
N0708,-33.2315586387792,-65.7527171314008,0.874653597493089
N0709,-31.931857052274,-68.7992829781488,1.52352569548208
N0710,-36.0345903459632,-68.7294278479318,1.80891238834775
N0711,-32.2879392136764,-72.6108465437362,0.0100571180814456
N0712,-35.852123295121,-67.9867885052631,0.858950893977423
N0713,-33.3285648625477,-68.7888632389199,0.842003044499919
N0714,-30.9594773181991,-70.6071197524234,3.35994181431544
N0715,-32.6463243464689,-64.3746751755824,0.6124553194067
N0716,-34.3924738141207,-69.9886224772263,3.50715476972778
N0717,-29.2415830443341,-72.5854705077063,0.013004802792447
N0718,-37.0468476566239,-71.2115976313649,2.04219576507597
N0719,-31.5534130386326,-69.1893417056135,3.60150997863037
N0720,-33.6164866773023,-72.6377094840341,0.00911322043439712
N0721,-37.3053273003573,-71.3308681291672,1.96360382996789
N0722,-35.3747242648503,-71.0123800878005,1.08933054268065
N0723,-36.4165069318919,-69.3232454060685,2.58209053235709
N0724,-36.4198754864372,-65.5418651589387,0.314854000623259
N0725,-36.2451411899855,-67.269064082936,0.372872616387065
N0726,-34.2087611133739,-70.505160371496,0.865658177322006
N0727,-32.1192375858404,-70.2454761138863,4.07884314195123
N0728,-33.7842024152559,-71.3744489239876,0.0948277490655215
N0729,-35.5066326660135,-66.0361678572074,0.387275451963456
N0730,-35.548653751355,-69.2425662194111,1.36654634348888
N0731,-32.2718770665917,-67.7114252329857,0.54123005994328
N0732,-37.1666544941564,-69.3144848887876,0.755861575038825
N0733,-29.7587304960278,-72.2750776168774,0.0119966622361899
N0734,-37.0926872431267,-72.5883597532699,0.125981843105015
N0735,-31.5713927860704,-70.1199610074144,3.17953196745029
N0736,-36.6993040927683,-70.8425153466605,1.97138053446288
N0737,-37.6827963008465,-71.4968808619291,1.1040403792985
N0738,-33.9241005475745,-69.0570710845092,1.07338719537546
N0739,-31.136122278886,-64.3397432073205,1.03994390877566
N0740,-34.0702815733712,-72.1053194564792,0.0176804409196135
N0741,-34.8689877524828,-64.9176121592604,0.279764041133947
N0742,-36.8619785624379,-64.877260263533,0.292231806643227
N0743,-32.6659140622085,-71.9873134426248,0.0144672707532412
N0744,-31.7693848913859,-67.0961069304478,0.508839325144501
N0745,-32.7012680924503,-65.1723987326363,0.785441135033157
N0746,-29.6049649653514,-65.0172451814251,0.206555053188799
N0747,-36.1406879542585,-72.4739204578912,0.347814997349959
N0748,-34.2658324174424,-69.0939020673716,1.635459349496
N0749,-36.6642136350107,-65.5602393760626,0.37582474743799
N0750,-35.1536495917727,-72.2414293150145,0.027815286363923
N0751,-34.7305581629419,-71.9315157331673,0.163407662329535
N0752,-36.4704723728683,-65.6251801825711,0.368540767044452
N0753,-33.0697599901677,-71.4662457667134,0.0661617960984948
N0754,-35.3223640706494,-68.7223567239113,1.44157747343757
N0755,-30.2213755663118,-72.8271313307468,0.0124193734621057
N0756,-34.1383266451016,-70.666889458693,0.533447208653112
N0757,-34.4658862838363,-71.5433342948758,0.165967272081851
N0758,-36.8735784669284,-66.8542649073313,0.296650345249761
N0759,-33.3494466705478,-71.7893942306235,0.0198093798242121
N0760,-30.5485708265792,-65.8714170534031,0.313746240404167
N0761,-34.4056927254916,-69.4965803126789,2.93760605235352
N0762,-33.7870916608195,-65.8989940534341,0.67033559453541
N0763,-34.414996042063,-71.1820589113431,0.260213383490138
N0764,-37.201827392402,-64.7088758429554,0.31154544633457
N0765,-31.1310484444867,-64.3301984802029,0.871206026080481
N0766,-34.8928574494984,-65.0758829028233,0.296570616239054
N0767,-31.6860936155478,-69.9288522583567,4.44522574895629
N0768,-31.2747612935373,-71.0374720193155,1.59472251201907
N0769,-30.9471397863921,-70.7367983798668,1.59686364331158
N0770,-34.3075002733653,-69.2996682954951,1.92249786371809
N0771,-30.5649493719754,-71.1470281674746,0.323121550386838
N0772,-30.774731364136,-67.9741367617036,0.699976642537396
N0773,-33.5340720875347,-67.0380755066583,0.503254220791757
N0774,-33.0513588975889,-72.6973536593827,0.00918267468226915
N0775,-29.5003419909628,-66.9115675101111,0.566216788106387
N0776,-29.6444553968238,-64.3748194043873,0.169676890544052
N0777,-37.5116685494835,-68.7822325383696,0.752502518327035
N0778,-31.7357365895229,-64.733977850263,2.07389417951132
N0779,-32.0444240723478,-70.0714783194342,4.79050409950703
N0780,-33.7101841405082,-69.9877010788246,4.10736097787007
N0781,-36.7644183743114,-70.1134882276941,2.02843155610658
N0782,-31.4913082794246,-65.3911770861089,0.533645619615696
N0783,-31.8342738812483,-68.5624437422782,0.634133030506644
N0784,-32.8807958431453,-72.6370340254796,0.0091695405214788
N0785,-34.1685730013384,-65.3361064476129,0.424264401859561
N0786,-29.8071251209393,-70.712648290681,1.82737418772851
N0787,-31.3818939572582,-69.3489025310841,2.01711923644218
N0788,-29.2064676814277,-71.358664558017,0.196799421474498
N0789,-32.6218489485429,-65.3129548991159,0.733252030193723
N0790,-34.8649219658994,-66.8769205354047,0.420169600395074
N0791,-32.0307000137543,-72.6044737330193,0.0104689047951477
N0792,-29.1085338519926,-72.3194809343757,0.0125186754494551
N0793,-37.1857430833791,-70.0180380451111,2.86118516851413
N0794,-30.0642143533398,-71.0038610771782,0.573149178637098
N0795,-32.0931156688338,-66.0407834432743,0.461564261255346
N0796,-32.8930479469677,-68.9756614669578,1.34585477492875
N0797,-30.9266142393586,-72.4197991945407,0.0117820313710814
N0798,-35.0352499211837,-68.5514611442813,1.44441608226248
N0799,-33.55571988805,-64.8835542780271,0.501374349949361
N0800,-30.0398628804553,-64.4716283452565,0.384249455105446
N0801,-36.6572796635131,-68.5143248721093,1.00944716203557
N0802,-32.4287806580443,-72.2642355433499,0.011146293908984
N0803,-31.0044423891718,-67.0318071061428,0.571844614334522
N0804,-35.4929254471291,-67.6627660183994,0.459889766432527
N0805,-33.4757648569419,-68.4770720315059,0.964412310800045
N0806,-34.6121289017201,-66.2314691732319,0.511289999079305
N0807,-29.1065563535348,-66.3332636051035,0.370292114573212
N0808,-31.8570010650703,-72.2599446412921,0.0116896203302152
N0809,-34.9049543757015,-67.2718273450489,0.454956625703407
N0810,-30.7054340027298,-69.9162358361372,4.11871083781273
N0811,-32.3982293889384,-69.976934765967,3.36115094414798
N0812,-34.4439183566458,-67.6277895580641,0.510831300161478
N0813,-34.9430585006453,-68.9314636539814,1.3681919557271
N0814,-33.6860340513224,-67.0620947627174,0.468837824047171
N0815,-36.8136526099004,-68.7550065371464,1.09443783534943
N0816,-31.702944669967,-67.2382946705158,0.571019960237135
N0817,-29.1730920186607,-69.8932936206429,4.27831064291102
N0818,-32.7196408718916,-71.616375141645,0.0203937318578545
N0819,-34.075693074975,-64.9442983086427,0.354668552839375
N0820,-35.2150385452039,-69.6539359772363,1.60129648534826
N0821,-37.025112597982,-70.5014483349405,2.19543543805194
N0822,-31.4280962202363,-71.7160436373279,0.0211308296414032
N0823,-33.9286545415542,-66.1615787737358,0.671018547383243
N0824,-33.769105113423,-72.6933506342552,0.0091864130966341
N0825,-34.4627981294705,-70.8753052798916,0.445750928323275
N0826,-36.1465067685798,-65.7838925430011,0.313631968859381
N0827,-36.6781202752973,-68.2236270443181,0.863106303651635
N0828,-34.5733989563181,-66.180344897546,0.501613572108141
N0829,-36.5704065154634,-64.3009910999802,0.221246480451684
N0830,-31.2211770427046,-70.1729787351903,4.36811236700615
N0831,-35.8457730548204,-67.9308306844117,0.806927850785837
N0832,-33.349113408499,-72.8207583197955,0.00877526700471759
N0833,-30.6741273615389,-66.8738342312043,0.647745616870812
N0834,-30.9583771545712,-67.313262732892,0.803670808056841
N0835,-36.1136227332119,-68.3406259234253,1.23151643738591
N0836,-32.0842515663171,-69.4606560670587,2.87106290863721
N0837,-34.5567887998451,-69.1514980254935,1.52830861683003
N0838,-35.3911232381552,-69.9967810539979,2.7784017817491
N0839,-32.4488385457307,-70.8278747193179,1.27069308071713
N0840,-36.1991350165099,-68.2814797269094,1.11014691498544
N0841,-37.6623585405584,-69.0926834170672,1.03157686052978
N0842,-35.099296633247,-65.4383473300088,0.392597179798876
N0843,-35.1084997685666,-65.419052126966,0.378422706561355
N0844,-33.0601743952186,-69.0494649743426,1.18610848937121
N0845,-29.2198946643248,-66.0392959743455,0.325324039695576
N0846,-37.5459686261816,-69.2747019749948,1.04008428758767
N0847,-36.2231212659381,-64.5420598100135,0.221147635923582
N0848,-36.308162922416,-68.5942819135703,1.31287441364003
N0849,-31.0523349264415,-66.7073379004408,1.1434304392738
N0850,-34.941916275789,-66.55482031035,0.394395446007144
N0851,-29.1032016191647,-65.9558423805311,0.324601053629605
N0852,-30.4797279010432,-65.6221722060452,0.220643267018576
N0853,-32.6910537135746,-66.1858507015211,1.04531039979259
N0854,-33.727103743156,-67.0266222498038,0.468367912939026
N0855,-35.3325038061629,-72.6766179023202,0.0170269663943858
N0856,-36.2315063518153,-65.2425317961455,0.318590473047271
N0857,-30.6018560834703,-71.0396973157952,0.626611726292607
N0858,-35.0106201946319,-66.2530896377531,0.427815707199058
N0859,-35.3315340511648,-67.4107660784902,0.435378497877291
N0860,-31.6122585512289,-64.7550752345729,2.16311068997711
N0861,-36.3136598359857,-70.0089121802286,2.74876905770461
N0862,-31.9933680685672,-69.5743267588664,3.03242591863856
N0863,-33.2946572972437,-70.9095495913222,0.83992236428885
N0864,-35.7375348011207,-69.5147289898315,1.75026833314451
N0865,-35.3433351030775,-66.296841324585,0.390556806107042
N0866,-32.8444461275565,-65.2415006452899,0.845692221482225
N0867,-29.785958443529,-69.1443147061599,1.96280390018595
N0868,-33.0782781077448,-71.2065161600274,0.382870122933546
N0869,-32.512955516024,-68.9771244272018,1.59468557648552
N0870,-35.2472936164342,-68.4226490670455,1.29914499910405
N0871,-34.19194838381,-65.5335521454148,0.465471171951722
N0872,-36.2169611681797,-64.6432767620046,0.256716115527071
N0873,-32.3077896225302,-71.8034368300361,0.0174929128631323
N0874,-32.5728458915245,-64.6834239501429,0.920429544763926
N0875,-32.0314396153816,-69.5550732846628,3.42435410848565
N0876,-35.7627478624055,-71.7415688479513,0.132448184330713
N0877,-37.5950793492119,-69.6868410412161,1.08560184725889
N0878,-32.7411604743643,-67.1942894389361,0.496875912665252
N0879,-36.4624743119639,-69.0054011421769,1.693026216344
N0880,-34.8275149088015,-69.8815041222524,2.6095282131696
N0881,-32.9483159004004,-72.3123747533245,0.0107137308146987
N0882,-34.1832871467263,-68.5356624815779,1.04983075505975
N0883,-33.7321717747637,-70.4900057065254,1.03874621814575
N0884,-29.3565733526166,-69.5575413773104,3.85873843741752
N0885,-31.8614192080504,-71.9041040346046,0.0165375928982699
N0886,-36.2401341217291,-65.854409623963,0.355917346604192
N0887,-34.663472462056,-71.2896094841834,0.211020301770051
N0888,-33.0631268507629,-70.2801076905709,3.76985437809142
N0889,-36.2919510120488,-66.8500913065626,0.327663762175495
N0890,-31.1665371363361,-69.5912204672076,2.15749472688921
N0891,-32.2367036997977,-70.5541108509778,2.6701249344894
N0892,-31.3832893744499,-65.2882618184147,1.13124679814607
N0893,-33.0340934621795,-69.2028772796052,1.73779486089346
N0894,-30.146421296078,-68.1991174023129,0.813215162019638
N0895,-30.3031542317957,-65.3839886688087,0.211854276959735
N0896,-37.2440418480635,-71.6075543738471,1.75232553563991
N0897,-36.6496095184002,-64.8657894941819,0.242620514916109
N0898,-29.3743331666451,-69.9795736304855,4.53930337777153
N0899,-33.8502649986885,-67.1812986866018,0.467034157880014
N0900,-33.4111049872409,-69.9177839160048,3.97291724565461
N0901,-36.3468634774195,-71.1153045142141,2.2789382090266
N0902,-35.3220047420925,-68.2273355807771,0.816976955200036
N0903,-35.8149391629337,-69.4083382384425,1.68538058871789
N0904,-30.9780963858953,-65.8054698650285,0.300818406120116
N0905,-30.5237141904532,-70.5610527837933,3.52047853836568
N0906,-33.4023384268872,-69.1123830054013,1.04177147989734
N0907,-31.7388640058408,-64.736294441594,2.07434572463907
N0908,-31.5448004224546,-70.4942050494227,3.15640572273082
N0909,-34.8290853788746,-68.3950253283116,0.896895088738241
N0910,-29.4015690193985,-72.6292944951585,0.0127684527984085
N0911,-34.2435844104474,-69.2574559503037,1.76762434334949
N0912,-33.1543871455148,-65.9774305392417,0.945683436249749
N0913,-37.1600621865411,-72.732579747882,0.208173547609387
N0914,-31.7048001055628,-69.2976829678741,2.53022205964468
N0915,-35.8152763175384,-71.1835532202774,1.78972710847157
N0916,-30.3298426918824,-68.610652325447,1.30735912426631
N0917,-35.9389863193217,-69.3487532203313,1.84665710583378
N0918,-35.7443569897881,-69.2213991855836,1.40679316079671
N0919,-29.1321061088853,-71.2559537936728,0.410677328381206
N0920,-31.973322655481,-71.725755223737,0.0192027412556126
N0921,-32.1247808937099,-72.4409514310495,0.0102213091909765
N0922,-31.5754032118597,-67.8421014480023,0.762689824115305
N0923,-34.4816502419215,-67.6316588426622,0.509825857922419
N0924,-33.7686903680063,-71.4133150768063,0.153567621198568
N0925,-35.8209890717273,-66.9801281172224,0.375392663502248
N0926,-37.6504882516109,-64.9552396703769,0.420271787723525
N0927,-31.6797296672034,-68.8818104920824,1.86099908818767
N0928,-29.5741995055574,-66.5894075271159,0.358499047990016
N0929,-31.8609173686993,-68.8445742028507,1.59293125544439
N0930,-33.567273394236,-71.1823594150517,0.187535521597271
N0931,-31.6035381328797,-69.7804134180213,3.61969085230279
N0932,-32.4901935474901,-67.4401609701757,0.515401312340025
N0933,-34.1312100919109,-72.8916861014402,0.00907006449798845
N0934,-35.6733966860796,-70.4901107855095,2.62144830367587
N0935,-31.4919374518059,-70.423401236871,3.76755477172691
N0936,-35.2620989405374,-71.6731315852018,0.370597425564669
N0937,-30.3217026728306,-65.7758137956615,0.241938214899041
N0938,-34.4045136014486,-69.902632979398,2.44175370557201
N0939,-31.582052738444,-64.8122856975125,2.24985421449573
N0940,-33.9957802973202,-69.0284033438789,1.18528865268292
N0941,-32.8638893798757,-68.3914850287565,0.641792166111322
N0942,-35.9766938961468,-68.335148200316,1.30655616701948
N0943,-36.0330649686666,-64.8746030215056,0.275805213545148
N0944,-30.8309226582437,-66.5571758272393,1.72026008959334
N0945,-33.6745537147739,-68.6549494626722,1.24720674254882
N0946,-31.2604818168844,-68.3875319060346,0.725700778507665
N0947,-31.5886803994368,-68.8909632404293,1.96295925710935
N0948,-34.0222170908573,-70.4443674756886,2.03343984380309
N0949,-33.8507578835593,-72.235242241684,0.0147399201613347
N0950,-36.2108913560914,-69.6899641404813,1.32042153298639
N0951,-34.4582621565826,-71.3785795824968,0.165990206319273
N0952,-33.8213776250004,-64.8975878348563,0.381756999480374
N0953,-34.218029176685,-65.4773566664091,0.441775392767884
N0954,-37.1335369975462,-65.4039158715419,0.314024216096365
N0955,-36.9772968906338,-67.7715665261594,0.607501312862364
N0956,-37.5073547886719,-66.5486316711868,0.296279667093662
N0957,-37.3487939055305,-72.6388700503571,0.131387291367624
N0958,-32.218470035176,-71.3120531041231,0.383450444892808
N0959,-36.3037195218744,-72.2550453471742,0.297156789753554
N0960,-33.9070960015092,-68.7566070704053,1.34238377026168
N0961,-35.9607634431965,-68.6162208588404,2.0426206026508
N0962,-30.7155570707356,-70.9369879891337,0.687150194117165
N0963,-33.0629194199866,-66.3745670345028,0.747800214576802
N0964,-33.984451185765,-69.5307394324014,3.67954194468757
N0965,-34.2535967048042,-72.06014612576,0.0189463022800822
N0966,-29.9518750958386,-67.44681049676,2.09264977452824
N0967,-31.101394341421,-72.4058161568389,0.0118137736442037
N0968,-37.0701411872963,-69.5853097973789,0.954121455169184
N0969,-37.0701074037562,-70.5791060612905,2.41092348693733
N0970,-36.6171190236309,-70.0557083022575,1.45838799586367
N0971,-30.2410660239593,-64.9270067867017,0.24253420057866
N0972,-32.0798789366055,-65.4029871886144,0.457880368582121
N0973,-33.6475946740003,-72.8118501456975,0.00850150591464599
N0974,-33.5387380005041,-67.0498103490797,0.498363014065103
N0975,-30.5724932052533,-70.8101639867342,1.47535962495658
N0976,-36.6406479538142,-69.6957125363852,1.04485512020621
N0977,-32.2281462401748,-66.9542842856861,0.666830189055746
N0978,-36.2292006972848,-65.3420412977422,0.308694780921989
N0979,-34.5630225117612,-70.9843896358667,0.351476290502879
N0980,-34.3346684148697,-67.3434621421823,0.471179697234098
N0981,-33.9929054806442,-67.1027975651449,0.457099437553754
N0982,-33.6503191667378,-64.4171507648738,0.312067235821166
N0983,-31.7196914303208,-69.5605442919119,1.81043873895636
N0984,-29.3472373297658,-64.4429777486916,0.142705195990539
N0985,-29.4687288630608,-70.7331602377972,1.59036894059725
N0986,-36.741945700367,-65.2246134605839,0.373665365191403
N0987,-29.5379263235433,-71.9513876992517,0.0153566474731522
N0988,-32.415541046446,-70.5337566564948,2.34152298989476
N0989,-30.4363419222349,-64.8125698821212,0.377710924201706
N0990,-31.1893933151334,-68.3510692742891,0.700546449747754
N0991,-35.3358290339987,-66.4346408366853,0.386232450840206
N0992,-32.8582462271481,-71.54343271807,0.0216491154926254
N0993,-29.3194981719458,-68.3561625594535,1.76257538179016
N0994,-29.1186642565851,-72.2471100557349,0.0128286901904423
N0995,-30.0766154595542,-71.2280998895541,0.186320810824341
N0996,-37.5222872856177,-65.5857177678895,0.235159149076765
N0997,-30.1444376464209,-68.7736568814487,1.46478177771123
N0998,-29.9628028216133,-71.2382684588145,0.12760082555372
N0999,-33.776687619964,-67.1627281717317,0.470423697165644
N1000,-36.1832957582936,-72.1870503820884,0.233666754587979
N1001,-37.3646128159317,-68.5957602518125,0.74621869911383
N1002,-31.4810814860189,-67.9393329674561,2.00126952444136
N1003,-36.5682182863672,-70.9160344932303,2.15292998922736
N1004,-34.0577862128419,-68.3767585409231,0.884906417109262
N1005,-37.0387432392401,-65.19544404079,0.357948520898847
N1006,-37.4056993755073,-69.25045262964,0.930594079189379
N1007,-33.6949963207333,-65.4835991405806,0.545067519510231
N1008,-34.5076331081836,-67.0582646439589,0.437762668678721
N1009,-36.7445513379968,-70.2068864486678,3.01002570056034
N1010,-37.597652592928,-71.4635288708673,1.36771467913445
N1011,-34.3418800353268,-65.2001272740309,0.36318007783998
N1012,-36.8663622891374,-66.3406289735067,0.293674279473494
N1013,-35.7108729521795,-70.6562279324775,2.31842150389914
N1014,-37.580175814163,-68.8642694420946,1.0201878119939
N1015,-35.8885848776384,-69.2772725876315,1.75214717371619
N1016,-30.6570690365308,-71.3736137505032,0.282142025302949
N1017,-31.1292741238276,-67.1023429330449,0.514015676938444
N1018,-33.4864564583574,-66.2400687821862,0.789092516305361
N1019,-37.4535593506664,-64.418913259692,0.203475176340299
N1020,-37.4752144317027,-66.5034636787155,0.285973279402208
N1021,-36.7983763466116,-68.841905715662,1.09607392987786
N1022,-29.1083668164948,-64.3811714187643,0.138677397509447
N1023,-36.3224005140468,-67.7718346559777,0.712361338661002
N1024,-34.3907214471562,-72.7608385058403,0.0107249854253561
N1025,-36.7660237732651,-71.0045381776544,2.24242309062851
N1026,-36.9937171208177,-71.6698011712962,1.02582117257048
N1027,-32.0650755788037,-72.8197668874263,0.0109992179333153
N1028,-31.7451703467617,-71.6644855419008,0.020820799773556
N1029,-34.2293979626752,-64.6404525125122,0.281647458824582
N1030,-34.7284600152767,-65.4119903538898,0.369314463617746
N1031,-35.8358586790673,-64.6935167707473,0.224767746169955
N1032,-34.9881736632847,-67.2614706516086,0.449934545619003
N1033,-37.0383750042591,-65.5320856250041,0.33110170928439
N1034,-32.0211785058124,-66.0926533876884,0.423873626893544
N1035,-34.4971426822232,-67.7675643259974,0.533384205305577
N1036,-32.1047052932925,-71.8256380783048,0.0173548897533313
N1037,-35.2316720169651,-70.5941889142125,2.98737115832823
N1038,-37.1651525242558,-64.9999743196648,0.299420448686089
N1039,-29.9917604575361,-71.9851908703731,0.0154316458817065
N1040,-32.5182284594598,-67.4390382962018,0.51127223414201
N1041,-30.1655064853213,-64.3193373083227,0.691265285704715
N1042,-34.5982456688295,-64.384046699984,0.21056171552087
N1043,-34.7835554668138,-67.0872678652347,0.43991060511646
N1044,-33.2085381716995,-66.4095072364013,0.676633527603545
N1045,-29.2571725862833,-69.9219709164565,4.35765386690669
N1046,-34.510670819511,-72.3131068381542,0.0165103311093292
N1047,-32.1904532444153,-71.563224077813,0.0214747366317572
N1048,-33.1676049996482,-71.6048595758643,0.591433596028425
N1049,-36.3537320523773,-69.9468961648861,2.46114407130829
N1050,-29.8427964145051,-70.2903148890428,3.1188776962765
N1051,-29.6506561501653,-67.7980680594678,1.70648509195818
N1052,-32.1636958236171,-68.4984594472677,0.568323611642798
N1053,-32.7998328843619,-64.668079042513,0.758476699129549
N1054,-30.3381291543311,-69.5708866645912,3.21085875941955
N1055,-29.5546143631705,-66.2451960270969,0.331061865808548
N1056,-35.5727250843648,-70.344207092302,2.8213211028879
N1057,-34.6222240530524,-66.7894217190749,0.412095299033022
N1058,-29.1464838685684,-71.0165213707446,1.35273108464605
N1059,-32.5952711019177,-70.1041269633007,4.66418640748421
N1060,-34.9779151847949,-69.4511071390245,1.54532186509269
N1061,-34.8235474533045,-65.1116712694111,0.315968054502991
N1062,-30.7354808014051,-72.6751717657667,0.0116324326172991
N1063,-35.7568935064864,-67.8915984551383,0.751548987521381
N1064,-33.5351848338895,-71.7684479391521,0.0209356205968301
N1065,-31.3265839145643,-65.0602929483914,0.995250537233263
N1066,-31.1462422672875,-68.14486429265,0.80984125937066
N1067,-36.042394455868,-70.3279135704171,2.76534162664683
N1068,-31.6883821460364,-70.4674384258536,3.59252452906057
N1069,-34.6556414847056,-65.5997862215619,0.407645971773628
N1070,-34.0842138156221,-69.6154764243008,4.04154752806128
N1071,-30.6491387109035,-71.7376515071083,0.0213159262667572
N1072,-30.7548928732308,-71.1119765591863,0.748613402943332
N1073,-36.8492458320918,-72.266463727209,0.137929286895477
N1074,-31.5908827851018,-64.9010315253404,2.04292133006479
N1075,-36.3167402092445,-70.2510836289037,1.54225732812249
N1076,-32.9095884739466,-65.7496050890766,1.20906977909741
N1077,-37.4689809800913,-68.4916892754807,0.526543099989646
N1078,-29.3667674357382,-72.6389848807543,0.0128865182958741
N1079,-30.9625872580626,-67.5885240578505,1.04428380178184
N1080,-35.2415659407813,-64.4082344292236,0.201768000991538
N1081,-33.6328942086235,-66.669681215179,0.419919186441636
N1082,-32.144302750027,-72.5943214147791,0.0100555067233346
N1083,-37.5989537598095,-66.9278607917148,0.352529716586655
N1084,-36.801812636434,-72.3943104826353,0.103344864763982
N1085,-37.6010395730385,-66.7790454427148,0.333318062472979
N1086,-30.260879886039,-66.4954848803559,0.831668199359833
N1087,-29.9199131476786,-64.8624387604941,0.203724726084958
N1088,-32.7019684281209,-71.1858959461962,0.288164881554382
N1089,-36.8567783961803,-67.7235042422188,0.624272169490125
N1090,-29.7259259336749,-71.5904297792774,0.0224656965914047
N1091,-30.2007156700365,-68.134153308549,0.801988844118041
N1092,-29.3517077299076,-69.1755002856606,3.49338669534867
N1093,-34.6507044744448,-64.8966371782109,0.281166882609881
N1094,-33.1758833125587,-67.0507051803874,0.555655550384827
N1095,-34.8611461346788,-67.1493972652822,0.443648708287713
N1096,-33.404851167791,-66.5671174268551,0.482870377581489
N1097,-32.8582202807806,-69.1759793863986,2.90542978140658
N1098,-29.8825822156773,-72.0794574957245,0.014030511521012
N1099,-33.4933487570814,-66.2605714584517,0.749615468135847
N1100,-36.0130227993769,-69.421385040377,2.39868455373161
N1101,-29.364651090775,-67.2965723024665,0.837507373449723
N1102,-29.7999919523019,-69.0376947665297,3.72898180963747
N1103,-33.8902037428646,-65.9141035935907,0.640191629934817
N1104,-29.7296919413981,-72.1065422195972,0.0134910504016127
N1105,-29.6897208473597,-66.280871489542,0.32203436894344
N1106,-29.682206484574,-71.3390830158438,0.0271226199005616
N1107,-31.7625981241756,-71.7511361615039,0.0193567968824595
N1108,-36.7075187591871,-64.9987409000745,0.32917292434966
N1109,-31.2179734852714,-71.0688024643663,0.908362413557131
N1110,-31.8436169403343,-72.2023165815986,0.0122614814346141
N1111,-36.2519774791561,-69.2511074560467,1.59785515384295
N1112,-31.4331643479565,-69.9516423077563,4.51391137423655
N1113,-35.8741942749239,-71.7937624591839,0.146091086897671
N1114,-36.1372645995753,-68.84393376128,1.74941319087954
N1115,-37.4798565448168,-68.7225109323964,0.710293533101936
N1116,-31.5925471891149,-70.0962069377286,3.34363882491623
N1117,-34.2104814428419,-68.4045408932979,0.86660726182238
N1118,-36.1257786885024,-71.00414336757,1.86842416036819
N1119,-32.2341613562471,-68.4140129633779,0.570433813985746
N1120,-29.185296542796,-68.2366008808541,1.27456052667445
N1121,-37.6669452368128,-69.1693410929615,0.96299562685852
N1122,-31.2609843330276,-68.0802746451368,1.27926796731443
N1123,-31.3671907807082,-70.1657681519472,3.78446567244123
N1124,-37.3045193026795,-69.2070841192767,0.85126715235336
N1125,-34.9684606272115,-64.3838413156028,0.204266692016799
N1126,-34.7614840104531,-70.524546292715,2.47420363657353
N1127,-36.9169545181175,-71.9107062177783,0.372810636282161
N1128,-35.6694075612209,-68.2135436347283,1.22031506402599
N1129,-29.76340795451,-67.9483496445456,1.26977718188583
N1130,-35.6635004916058,-70.1964412836807,1.74717650508105
N1131,-32.2768389940154,-68.9857581801181,2.27372687302164
N1132,-37.1266856747804,-69.0672099149633,0.956528683980205
N1133,-37.1883243004271,-67.6859995468455,0.527978281373812
N1134,-31.0286015730019,-71.4580572308777,0.394064343901012
N1135,-29.5253574730015,-65.2033753916171,0.216054585785967
N1136,-35.2645795438274,-70.9039605218936,1.42418161617638
N1137,-35.7835059215704,-71.7070160594802,0.141826507409705
N1138,-37.0353713447858,-66.5826363861946,0.288594234395609
N1139,-31.8901231230191,-71.4528897028197,0.188647381200095
N1140,-32.4844515270481,-65.2084261229767,0.668166216070646
N1141,-36.9892431565045,-66.4301804802987,0.288399244660111
N1142,-36.3754731340685,-72.596015229214,0.236061306295845
N1143,-36.4610269219433,-69.1680008963998,2.50208711362369
N1144,-35.6792524196111,-70.3997752250637,2.8856548514966
N1145,-35.235133332077,-67.4122350537741,0.443776614812419
N1146,-35.1407354130599,-72.3858117117015,0.0184168635686864
N1147,-35.250512471772,-67.0888552591153,0.419459883058418
N1148,-29.8597618868387,-68.1811870566947,1.08156333262053
N1149,-34.5426554181812,-70.2937744180643,3.40304896748629
N1150,-33.3919503447097,-71.7811912338628,0.0201313993634736
N1151,-33.0371665789453,-65.3464620718018,1.01546048491035
N1152,-33.5817266462751,-69.2650852355944,1.23884183476873
N1153,-31.6192617717754,-71.9575234885595,0.0163204419973361
N1154,-37.2410403711447,-64.7099384586373,0.315069446240102
N1155,-37.3753348729924,-68.5867711750263,0.751715165684119
N1156,-30.2234205117093,-66.4105182516903,0.410960012393651
N1157,-29.3638981174975,-69.9550743686292,4.60254766887809
N1158,-35.7071981271762,-65.3466585137167,0.337250224351272
N1159,-35.1102850460495,-72.6306704455664,0.016105822466668
N1160,-35.10618299302,-67.5203234040273,0.46475869098658
N1161,-34.5067471272344,-68.7288263479382,1.33229029117635
N1162,-30.1229238988007,-70.2131224192274,4.0933425550598
N1163,-32.5626399785572,-70.9787678321259,1.37061614517693
N1164,-29.5534480501215,-68.1946506624551,1.13292635873975
N1165,-35.7472541726414,-68.3541842880911,1.7156194030544
N1166,-34.5399809680134,-69.6963487049548,2.40775934015169
N1167,-31.96093935811,-68.8032602931854,1.42168803849881
N1168,-34.6712595440314,-71.1427810847027,0.534010857046072
N1169,-35.3484538340235,-66.6103878984742,0.381767411753983
N1170,-34.8767534574386,-72.6035034333838,0.0150338015944308
N1171,-34.4269605252552,-70.4693139609738,2.65225247109081
N1172,-35.5244403520713,-66.1483621570507,0.388217106807264
N1173,-31.0888145420648,-68.2302171613696,0.698582084809122
N1174,-36.921913594204,-64.7954381031429,0.325355508412383
N1175,-33.881657131939,-72.613103373122,0.0100408675596953
N1176,-35.5709020106452,-70.0119849726148,2.36125044342848
N1177,-37.6875914250443,-65.3716269406824,0.268208462249836
N1178,-31.1744441066284,-72.4083402310071,0.0117344132569587
N1179,-29.123538173001,-71.4686042270477,0.0604267559809968
N1180,-30.6024452570372,-68.7404939396496,1.2102708831123
N1181,-36.304075438438,-68.5463897086896,1.3232216798868
N1182,-31.4626842859959,-68.5211505849013,0.654775428260858
N1183,-36.5467902070129,-68.6270718067545,1.18951185416117
N1184,-36.9495788935803,-68.6606378243122,1.08441865042443
N1185,-29.1838148245978,-72.6644170424735,0.0135761313578078
N1186,-32.4982046796932,-67.9998971475754,0.585288650745964
N1187,-31.6539169881278,-70.6026795596363,2.85001993335682
N1188,-35.5933628787721,-72.1374331662606,0.219429265971354
N1189,-35.7043859958669,-72.07456174175,0.169311706405449
N1190,-33.0243078771626,-72.4324228171876,0.00982159011680806
N1191,-36.5568542379219,-72.8580099469787,0.167442567901384
N1192,-36.812993530516,-71.2341507995195,1.90445560765898
N1193,-35.2832822774459,-72.6279959953986,0.0171475257285811
N1194,-34.5087572799105,-66.0893124174277,0.493644636020475
N1195,-31.528816186557,-70.3629193130242,3.13451966233298
N1196,-35.9192429117017,-71.9798496069758,0.149001650506926
N1197,-29.907942641437,-65.636259517789,0.222880484354113
N1198,-30.1994279949458,-65.3805708165656,0.209543322136233
N1199,-32.9066296749779,-66.50328976717,0.664125702695564
N1200,-32.1015719500378,-70.5617427353103,2.76482800838832
N1201,-33.7806382677893,-67.7612757698918,0.547356161628093
N1202,-29.511623278545,-69.3172400894655,3.33302990177867
N1203,-34.0148986934288,-67.0710048630699,0.452056492517043
N1204,-32.258067984487,-66.584911865408,0.437731056004306
N1205,-32.2782640619102,-67.1370109403678,0.64751640660185
N1206,-30.6039542351402,-65.148976431251,0.34916059968459
N1207,-32.3442963498851,-66.2700224398496,0.631836517517745
N1208,-34.6836397017276,-71.5460654914594,0.144402743045411
N1209,-34.2333961781736,-68.3285334864764,0.797277044164618
N1210,-35.7378683074554,-72.0187942116143,0.18062861688744
N1211,-36.618314526844,-70.3602664761526,3.12824267292977
N1212,-31.0318216377552,-66.9208955115736,0.654059622745095
N1213,-30.6451741307719,-68.6183550727173,0.907806035757393
N1214,-31.9919545061383,-65.5176574703388,0.416969974512734
N1215,-34.3032515646905,-69.7127920622066,3.06172300987943
N1216,-33.1308034912827,-68.7010962286969,0.770292779706553
N1217,-33.8729897917123,-70.5625651418523,1.42587996640098
N1218,-32.5517845493982,-68.2955784680301,0.598284576951973
N1219,-37.2463866684336,-66.9957534410505,0.279186696919113
N1220,-31.1192521060907,-67.712277414376,0.649715273219217
N1221,-34.2699280109116,-67.4238454145025,0.479174579329709
N1222,-36.3110483555175,-72.4918052461891,0.496473992297812
N1223,-33.658965077884,-70.2702664804506,2.1987325665111
N1224,-33.5355532570908,-71.7379202015875,0.0213500835214283
N1225,-33.4526198160614,-66.7533625034864,0.503528762772991
N1226,-33.647174638392,-72.6780961885015,0.00891235706992376
N1227,-33.2654214597146,-68.1827777384235,0.63114834825048
N1228,-36.4434282084664,-71.5203717916367,0.703674324385957
N1229,-30.6294541321366,-70.6907277669714,3.19468080280444
N1230,-32.5720659586937,-64.8965436207115,1.78150465642174
N1231,-37.5790503569315,-66.2404105141482,0.260045762334709
N1232,-34.7816603007175,-70.6654719997037,1.01508977863871
N1233,-36.5062074490852,-70.0028580064433,2.90361474129575
N1234,-33.7759866395388,-69.8817312080328,5.12933785847674
N1235,-36.2182378904513,-65.8880612336975,0.360147904743265
N1236,-36.7996788230258,-66.737642737123,0.298455628644724
N1237,-31.1092813803858,-67.5255908930793,1.29735270553013
N1238,-31.6488662007027,-68.6944691123415,1.20175855639615
N1239,-36.5492181206351,-66.640016391566,0.316746597308233
N1240,-35.7619304336896,-68.4749076503212,1.96640317751585
N1241,-37.5828018156266,-68.3540343045509,0.554488045979626
N1242,-34.5650376542774,-67.0498890612041,0.439356140662305
N1243,-29.9656174238145,-68.5527073027812,1.63778601113514
N1244,-29.3356747689823,-65.1902120532888,0.239348424572604
N1245,-36.6191369333859,-69.1314127577615,1.50345987356989
N1246,-31.5661243358935,-66.0556589014622,0.336601461656372
N1247,-36.9236874823569,-65.7227084853792,0.341077389496607
N1248,-32.6332270574445,-67.5295174967635,0.515805660992239
N1249,-35.1421851137849,-65.1455763558138,0.296127022658568
N1250,-29.885597797104,-71.7561070714407,0.019477843123343
N1251,-30.3942798409119,-71.753822049058,0.0206846261570772
N1252,-29.4196823111361,-67.0645585823639,1.98580757499011
N1253,-32.4536836804606,-66.409531901269,0.629095489996007
N1254,-35.4688148081157,-65.2398305666353,0.317080320856444
N1255,-30.4339115377208,-67.2489590961248,0.878766103735382
N1256,-37.4711536710016,-72.0894377405706,0.294941884512844
N1257,-37.4287973332819,-72.1971583083725,0.231737021128745
N1258,-29.8137418050849,-68.7250160523807,2.43583525447625
N1259,-34.1753728598707,-67.2317712395134,0.458754312319457
N1260,-34.5998545758891,-67.453500146304,0.483381255757374
N1261,-34.567183237461,-68.08577458625,0.595561281176298
N1262,-35.7625942746469,-66.5868251326898,0.357044990150369
N1263,-36.821936897804,-70.2440199215636,2.45874445851698
N1264,-32.3139552547661,-64.8865728950066,1.86174237535493
N1265,-37.3923638356348,-72.2193487039392,0.212929992615127
N1266,-36.0522839985566,-70.9036417648213,2.15095082905988
N1267,-30.6544185944621,-72.1058233622489,0.0149080391580794
N1268,-31.9806278094093,-65.3289797665686,0.494802927246997
N1269,-32.8343519934147,-67.0004790719135,0.565836720043979
N1270,-37.0962053807435,-71.6560855225456,1.06547040637874
N1271,-35.5838924946654,-72.195844202347,0.598501004369846
N1272,-37.256300515568,-68.8701778372611,0.829873248323101
N1273,-34.1602590867599,-67.5766865953229,0.498768672800527
N1274,-31.1268615681803,-72.8265291739844,0.0121057295511803
N1275,-29.8089666802944,-72.0082110050638,0.0148415042831451
N1276,-35.8541446368928,-67.4104138742715,0.387197663873821
N1277,-33.0457217799247,-70.5320976508,2.09681589478156
N1278,-31.0889238339797,-70.4085052546619,3.45506589143897
N1279,-29.8912277744111,-70.9328571784463,0.707317990717315
N1280,-32.7426216845599,-70.3096637588971,2.32882742578265
N1281,-36.5955766465029,-70.0822419131092,1.48810224797761
N1282,-30.3474667310004,-66.3145628337816,0.488528849397751
N1283,-33.6966750975683,-66.0675119061803,0.731841217124926
N1284,-35.3350191461085,-64.822973971033,0.291380706064447
N1285,-34.1165304989631,-72.5847620385162,0.0111672010310821
N1286,-29.7906640589659,-66.6748937879572,0.36291538292982
N1287,-32.63556585877,-71.0437690533436,2.15595670184395
N1288,-34.3696076516386,-70.471339035114,2.35290386292689
N1289,-33.3294740706819,-66.3924164373858,0.673878596295862
N1290,-34.9265660459299,-68.7452503024811,1.44320954053224
N1291,-33.0171583533833,-67.5874260807817,0.546790197010111
N1292,-37.5776062147122,-64.884152830571,0.368740051164436
N1293,-30.2652040670464,-68.141870124285,0.786438114001775
N1294,-31.7579199848966,-68.2223209436621,0.587477899129494
N1295,-34.9168995282691,-69.6721225547474,1.95799613156971
N1296,-29.3377519921576,-70.0014948149684,4.97073731835614
N1297,-36.7578573873536,-66.2865416218464,0.300181517040644
N1298,-37.5605088760427,-65.0016505815562,0.332417558727983
N1299,-35.7483774713466,-70.4417376817864,2.20267740926335
N1300,-37.6735027396928,-67.5927471805796,0.428925386585211
N1301,-34.7416674492143,-65.8038875971473,0.423473123775407
N1302,-32.6099986750213,-65.3242046417781,0.753799066066982
N1303,-36.1175469460979,-68.6792508489356,1.82957880272777
N1304,-37.2748480155016,-70.1019527265811,2.37552766151906
N1305,-30.0624899991613,-68.7175847988658,1.26881790191774
N1306,-30.97903118398,-71.5988113370253,0.256915536620179
N1307,-29.9062911325164,-72.0973713820788,0.0138198727277934
N1308,-31.1925054055138,-68.5081505657212,1.34672616893185
N1309,-35.004635698397,-64.9633139004294,0.300424010570865
N1310,-29.9493587667352,-65.0548049732832,0.20376287902054
N1311,-36.8095919212837,-66.6126982024464,0.302750943123366
N1312,-32.4060744427639,-72.5444079442157,0.00984380135068414
N1313,-37.1470100463587,-67.8891692439975,0.59167925795909
N1314,-32.4170364006036,-65.8490242369236,1.45998589189634
N1315,-35.9832601773009,-68.8679570700824,1.63218118824511
N1316,-37.2229615637674,-70.9877363888955,2.1642391167637
N1317,-31.218913697693,-66.8338188653504,0.581944810760177
N1318,-36.5035828532668,-66.7132707562359,0.319830280572613
N1319,-37.4774274057604,-71.7534015729341,0.916211459079282
N1320,-31.2666058844731,-69.6859532181108,2.88516026313163
N1321,-33.3670221087835,-69.7559672583155,5.62571527492112
N1322,-32.0598309445008,-65.6993147294034,0.416333333215494
N1323,-32.5930913707675,-65.8389406551323,1.25674476106156
N1324,-33.9952036824521,-72.7604860052748,0.0091429432134609
N1325,-37.5940362163326,-68.5523583103215,0.671661096534923
N1326,-32.4970148831592,-70.2850635709172,3.27543848608531
N1327,-34.3923789150512,-72.1186977664096,0.0185127635545258
N1328,-33.2831552592959,-67.6289692467679,0.541495218206654
N1329,-35.8978131543835,-68.1655907308057,1.04670040963053
N1330,-30.6771945954194,-67.7283777021004,1.85008109845829
N1331,-30.162214448332,-70.925823778578,1.41404752459355
N1332,-36.6186925492802,-69.2945329290789,1.78277414194622
N1333,-33.9946232350984,-68.0912947950844,0.661441360869989
N1334,-34.2798976393323,-71.172472267166,0.583572864197609
N1335,-29.493788528812,-72.5792346492779,0.012492082851827
N1336,-33.5307231599608,-71.3512341254629,1.09174053309573
N1337,-36.1967080159563,-68.3634055486244,1.36256340326222
N1338,-34.1877828644997,-66.5536246629682,0.595308302614214
N1339,-37.0528672579456,-66.2067597133605,0.279779234870315
N1340,-33.8513165734482,-70.8080693912264,0.498296936993614
N1341,-36.3939655615454,-67.7565503953288,0.709646465004824
N1342,-30.754988020591,-66.9309018669794,0.678919987973837
N1343,-30.2709421869232,-66.4378979928502,0.449143670913842
N1344,-30.4953574738444,-67.2002159312834,0.810888460463994
N1345,-36.0506636060545,-68.3746136064989,1.28706106216018
N1346,-33.3154576018525,-68.8118366749547,0.863023426855311
N1347,-34.9762069775147,-71.6382281823727,0.243293704458338
N1348,-33.4237387697789,-70.5411983302055,0.730657284792338
N1349,-35.6372747090353,-70.8652980154219,2.14733572108752
N1350,-34.204691494305,-72.6017965756831,0.011416202081019
N1351,-34.0590430158,-70.9227314152861,0.949534944465663
N1352,-37.1666974764628,-64.5148015670547,0.275365898121359
N1353,-37.5216351503607,-69.2457807576963,1.008248232332
N1354,-36.5883555549608,-65.5289733664268,0.328045225350999
N1355,-31.8309149019098,-66.2295305963277,0.452931659907013
N1356,-33.0761019888223,-69.191053441023,1.73052643254513
N1357,-36.8142741573575,-67.969125204193,0.727828027983717
N1358,-33.8344121405549,-70.5056640530032,2.42217647168509
N1359,-34.070835757987,-69.1877906823008,1.48503931352139
N1360,-32.9235907421557,-67.0567252422481,0.519073021021926
N1361,-31.4959373212401,-66.5796817080489,0.551983342272571
N1362,-37.6218086611115,-69.2191749223132,0.891661261570411
N1363,-33.1637770474254,-72.8188864850061,0.00901223673834013
N1364,-30.2750271479483,-72.6584798335836,0.0118437051733497
N1365,-37.4396667788456,-71.7465845342942,0.884605874150963
N1366,-33.4163499539329,-65.6875692425238,0.712306018989895
N1367,-34.5020682190555,-69.3495199977651,2.14206254217579
N1368,-30.6490263754265,-64.9712341462594,0.426593533505409
N1369,-33.089852918866,-65.7401864535362,1.0631082515953
N1370,-31.9092667166187,-69.1251614292269,4.12881162669496
N1371,-32.3495424378894,-64.4663841074176,0.633929806671502
N1372,-29.2693010293736,-69.3211330097267,3.4094135866187
N1373,-29.1985116176766,-72.2244041608295,0.01306069454051
N1374,-34.4975625175971,-66.5070817733217,0.715326847213124
N1375,-31.7038160418178,-71.0180747167757,1.14170602824183
N1376,-30.3703625722185,-65.9494840267345,0.318044593708198
N1377,-31.8417072732661,-66.6479662520569,0.396872998180219
N1378,-35.005859254443,-66.9793613077511,0.422849640810995
N1379,-35.8009227541745,-67.4475225541496,0.431464191020774
N1380,-33.8510245196293,-72.8027486653546,0.00864605510877129
N1381,-32.870753609748,-72.0298757213773,0.0142311493378877
N1382,-30.5893065875812,-68.1843303676156,0.725150630209792
N1383,-35.3131806423949,-66.8885327462985,0.402708527877989
N1384,-37.1889852219676,-66.9647541595924,0.283155963370748
N1385,-31.2200988287665,-68.3631779942956,0.68719469097824
N1386,-31.3158111341371,-67.8306493044508,1.93068299122871
N1387,-31.1785239656821,-71.8984293129288,0.0184992109507283
N1388,-37.2071828043587,-66.5295532138225,0.278596400746972
N1389,-31.2103806786753,-67.8006756513848,1.76448418293744
N1390,-33.9206633046366,-69.039372886596,1.07125656919182
N1391,-32.221323967409,-71.8679453746266,0.0165077934825207
N1392,-34.8546637917658,-65.9215920620698,0.431137937594188
N1393,-35.2762219620758,-66.9668659271984,0.411399559798633
N1394,-36.3458619692576,-67.3541019669986,0.507051246360087
N1395,-36.8436607433221,-71.7696650676754,0.586997372063874
N1396,-31.6703113920848,-65.1423303647164,1.08500430917717
N1397,-34.3891619339069,-67.2065180512641,0.454635027121692
N1398,-30.154407819479,-68.4196667165121,0.951296035307829
N1399,-36.3770775198364,-69.184970661758,3.08548459943333
N1400,-36.5079523673318,-70.4099788713781,2.265028109979
N1401,-37.5354189388619,-67.0328083580047,0.317952662504149
N1402,-29.1869829445551,-71.4406380475222,0.156572259161291
N1403,-33.6022635826386,-70.6397132677677,0.662738677132434
N1404,-37.2709600610523,-68.0432779603374,0.644743817786354
N1405,-31.9407834476981,-67.9763060406206,0.573799529700199
N1406,-29.6689806290758,-67.5002471027897,1.59556910129774
N1407,-36.0268592495131,-64.3116516330334,0.214556364358768
N1408,-34.4814246979456,-69.1028082351213,1.71743468403429
N1409,-31.0752119296115,-72.7677145255114,0.0117615344370615
N1410,-35.4081084055398,-67.8463147151965,0.547160022492844
N1411,-33.0426707770408,-69.334883254969,2.56559901451445
N1412,-32.6210934162704,-67.5504337610912,0.515735018142601
N1413,-30.5928666022107,-65.6734807694207,0.239762513950669
N1414,-35.9414873705439,-72.072005914418,0.147392719996491
N1415,-35.6440214934498,-68.2875160878466,1.60233150006044
N1416,-32.652475693986,-70.1254100169174,3.73763757871083
N1417,-33.792723284053,-71.6106844332585,0.259342525803489
N1418,-34.0039539477341,-64.6885156094043,0.313657298821803
N1419,-36.5809624300715,-71.5140257442435,0.596510362257151
N1420,-34.8193284794313,-72.7365086943081,0.0132740060922677
N1421,-32.195905866146,-67.8025840089203,0.54855584066672
N1422,-29.3133185193005,-68.3673547027015,1.7973108197788
N1423,-36.0006844385996,-72.2700642892951,0.158941144271201
N1424,-31.6154711152033,-69.5775103008736,1.99181302877583
N1425,-35.2250933533186,-69.1515995843576,1.37457187814032
N1426,-31.2444547869006,-71.7093629943251,0.0218003636442234
N1427,-36.2768622562182,-68.1616376521353,0.958616747408991
N1428,-31.2673080943373,-67.7005356838929,0.639581934021293
N1429,-36.9117149417343,-69.7365491834639,1.39301819833931
N1430,-34.7477714453115,-67.4287828132179,0.478966219340119
N1431,-37.1982258972238,-64.6989541466343,0.310453936720938
N1432,-34.8992564668876,-71.7532673598515,0.158481089290874
N1433,-29.2238303466345,-67.6435706121584,1.59861261745195
N1434,-36.2075238187367,-72.5161748162546,0.279471485068587
N1435,-32.8076976852993,-69.2929090885413,1.81108420201253
N1436,-35.0218458050498,-67.661186185368,0.485888208803352
N1437,-31.8483860460801,-70.7715997112317,1.71054803515675
N1438,-29.5504088490505,-64.7400867681206,0.244878855845388
N1439,-33.9215647356685,-72.3537387135689,0.0132046585967548
N1440,-34.0497493224916,-66.4228023129156,0.693265320718477
N1441,-36.5580096542174,-65.8639770696703,0.336634495089773
N1442,-30.7469125610995,-65.9924219090922,0.393745012691854
N1443,-30.943061300946,-69.043112699661,2.47197124872101
N1444,-36.3485477606992,-65.1310856319177,0.287277628530796
N1445,-34.2433763389212,-65.8034182638412,0.509076824552108
N1446,-30.27680066767,-66.3444132466076,0.457838699968468
N1447,-30.666254298932,-66.8905456662134,0.626511127938301
N1448,-29.4382827970843,-66.9969517195118,1.5718107305633
N1449,-35.4033275420327,-65.660051159449,0.372177769503178
N1450,-33.043524356067,-67.8571138264412,0.595827615593527
N1451,-29.9625404705585,-67.1992962989487,0.702307475624721
N1452,-30.6698126155742,-65.4321842647773,0.268685973009743
N1453,-36.6297537793078,-71.6832686015327,0.488708356428288
N1454,-33.760976948245,-65.0052625449865,0.419742565797845
N1455,-32.5112288030848,-66.0272213262167,0.763378759621161
N1456,-36.2789709482244,-72.6579762281654,0.355973899369119
N1457,-29.5867998609724,-67.8249691323959,1.61484686675603
N1458,-33.3707731590005,-70.8342488275535,0.500365592525473
N1459,-36.4520415855348,-68.4068345577954,1.07600109032599
N1460,-34.7102060589056,-68.2807176469735,0.66025692015223
N1461,-33.7950228514592,-70.5764381868189,0.870146295957015
N1462,-32.1727984773334,-66.5042794214582,0.480077776867086
N1463,-32.9161084208713,-68.1774325584422,0.628280516950881
N1464,-30.8949318864359,-64.4578403798667,1.46618460513454
N1465,-35.2333169141474,-70.6534571295387,2.80649446688072
N1466,-31.8367592260878,-67.7615135762196,0.651113567905753
N1467,-33.2102143575019,-65.6926354960504,0.851814125121449
N1468,-30.3602618423571,-68.8587133552687,1.98560408044743
N1469,-37.6941644540961,-64.8147282963222,0.351033334683639
N1470,-31.8626681297844,-67.3597926994133,0.552385960266636
N1471,-29.182135751416,-70.8432852157128,1.14586776324148
N1472,-35.1198568288329,-67.7161550127045,0.47493734242594
N1473,-32.0244473156167,-65.7188244395046,0.40919158490535
N1474,-30.6576133856353,-70.9412851665361,0.694549199096524
N1475,-36.019772507213,-66.7040339695309,0.34536580762669
N1476,-33.0449101339769,-66.4964929842374,0.627163738661825
N1477,-33.4498451005434,-72.8628067090934,0.00873029881069183
N1478,-36.5620909749819,-67.4861022837395,0.553997061567957
N1479,-37.5264978216153,-72.2655331941161,0.185904457447793
N1480,-35.0160758439061,-67.9523212208656,0.518266914250645
N1481,-34.6883367150968,-68.8031365683783,1.56223425650646
N1482,-32.2719456308391,-69.9577716735461,3.96521720529127
N1483,-36.6904621001289,-68.0174573720049,0.76635938577917
N1484,-33.3477618706635,-71.9941643649219,0.0164846067109241
N1485,-31.3647072900388,-72.6120598037318,0.011316783641712
N1486,-35.6400843734574,-71.1373132892127,1.18293131172428
N1487,-30.444166428011,-66.8504133594923,0.539502283384707
N1488,-32.9985818955575,-71.0517376357465,1.12242831340072
N1489,-29.356581357986,-72.5566434646289,0.0125526165099172
N1490,-36.9798321058414,-66.6972839813667,0.290618741857274
N1491,-31.419819172807,-68.0536467198998,1.88035819287471
N1492,-30.9380678726537,-68.0292829446165,0.688229359183408
N1493,-31.5085469955618,-64.8402662418505,2.31833841807602
N1494,-36.8116684756762,-68.4474076484085,1.01205597333763
N1495,-31.6305445210685,-70.9741595586176,1.22324592002799
N1496,-33.8322155336534,-64.92863125998,0.393721244238659
N1497,-32.2986524524161,-72.0103469089187,0.0142334427609856
N1498,-35.1714559843165,-68.4789991830378,1.36593277967882
N1499,-32.4713395848737,-64.6620851552869,0.861711581109597
